classification_id,user_name,user_id,user_ip,workflow_id,workflow_name,workflow_version,created_at,gold_standard,expert,metadata,annotations,subject_data,subject_ids
23170523,not-logged-in-c19235dd9256c26c445a,,c19235dd9256c26c445a,3130,"Phenology and Demography - flowering, leafless and Huasaí palm crowns ",1.13,2016-12-12 16:46:28 UTC,,,"{""session"":""b7b5d2419e87dae7d41a89f4f1a0e6f21b871d95ee83c52fa11a5c20f5d73b10"",""viewport"":{""width"":1307,""height"":1316},""started_at"":""2016-12-12T16:46:11.919Z"",""user_agent"":""Mozilla/5.0 (Macintosh; Intel Mac OS X 10_10_5) AppleWebKit/537.36 (KHTML, like Gecko) Chrome/54.0.2840.98 Safari/537.36"",""utc_offset"":""0"",""finished_at"":""2016-12-12T16:46:28.143Z"",""live_project"":true,""user_language"":""en"",""subject_dimensions"":[{""clientWidth"":670,""clientHeight"":503,""naturalWidth"":900,""naturalHeight"":675}]}","[{""task"":""T2"",""task_label"":""1. Can you spot any flowering, leafless or *Huasaí* palm crowns in the image?"",""value"":""Yes""},{""task"":""T1"",""task_label"":""2. Circle crowns of flowering trees, leafless trees, and *Huasaí* palms\n"",""value"":[{""r"":377.3551129444455,""x"":589.4286380597015,""y"":198.80597014925365,""tool"":2,""angle"":-31.31354327018971,""frame"":0,""details"":[],""tool_label"":""Leafless crown""}]}]","{""4990081"":{""retired"":{""id"":3119075,""workflow_id"":3130,""classifications_count"":15,""created_at"":""2016-12-12T16:29:29.905Z"",""updated_at"":""2017-02-03T14:36:01.308Z"",""retired_at"":""2017-02-03T14:36:01.303Z"",""subject_id"":4990081,""retirement_reason"":null},""Filename"":""20161007_Zone2_S2_108.jpg""}}",4990081
23170531,RLINDS4026,685686,59fea901c1f3cea011df,3130,"Phenology and Demography - flowering, leafless and Huasaí palm crowns ",1.13,2016-12-12 16:46:36 UTC,,,"{""session"":""36765e90ee729b916f1e59b934ab8233951e4d208d63a040af1c83c544d71303"",""viewport"":{""width"":1012,""height"":482},""started_at"":""2016-12-12T16:38:26.968Z"",""user_agent"":""Mozilla/5.0 (Windows NT 10.0; Win64; x64) AppleWebKit/537.36 (KHTML, like Gecko) Chrome/51.0.2704.79 Safari/537.36 Edge/14.14393"",""utc_offset"":""28800"",""finished_at"":""2016-12-12T16:46:35.207Z"",""live_project"":true,""user_language"":""en"",""user_group_ids"":[],""subject_dimensions"":[{""clientWidth"":382,""clientHeight"":287,""naturalWidth"":2000,""naturalHeight"":1500}]}","[{""task"":""T2"",""task_label"":""1. Can you spot any flowering, leafless or *Huasaí* palm crowns in the image?"",""value"":""Yes""},{""task"":""T1"",""task_label"":""2. Circle crowns of flowering trees, leafless trees, and *Huasaí* palms\n"",""value"":[{""r"":162.86007109239296,""x"":1018.4079539959495,""y"":272.3893199525133,""tool"":0,""angle"":-42.3926878001829,""frame"":0,""details"":[],""tool_label"":""Huasaí palm crown""},{""r"":85.11668663683415,""x"":579.12848090559,""y"":26.642914434520645,""tool"":0,""angle"":-79.37861669769063,""frame"":0,""details"":[],""tool_label"":""Huasaí palm crown""},{""r"":100.9965507996114,""x"":908.5880857233597,""y"":455.39196235952903,""tool"":0,""angle"":-21.247283278833816,""frame"":0,""details"":[],""tool_label"":""Huasaí palm crown""},{""r"":78.45757148375722,""x"":1759.248780037671,""y"":324.5839598619189,""tool"":0,""angle"":-157.0713239050844,""frame"":0,""details"":[],""tool_label"":""Huasaí palm crown""},{""r"":62.58152297870705,""x"":1897.9846262158385,""y"":1176.6963016217182,""tool"":0,""angle"":-127.69885907220448,""frame"":0,""details"":[],""tool_label"":""Huasaí palm crown""},{""r"":70.46230364314496,""x"":1814.692604007857,""y"":1140.684130149579,""tool"":0,""angle"":-116.56886966423214,""frame"":0,""details"":[],""tool_label"":""Huasaí palm crown""},{""r"":56.40605697957696,""x"":1713.3914959170684,""y"":1122.6780444135095,""tool"":0,""angle"":-118.61447270612224,""frame"":0,""details"":[],""tool_label"":""Huasaí palm crown""},{""r"":79.06557512784495,""x"":1769.6698893008397,""y"":922.3603405997358,""tool"":0,""angle"":-94.89990475934965,""frame"":0,""details"":[],""tool_label"":""Huasaí palm crown""},{""r"":63.06149280978745,""x"":1371.2188641437385,""y"":994.384683544014,""tool"":0,""angle"":-87.9542509977986,""frame"":0,""details"":[],""tool_label"":""Huasaí palm crown""},{""r"":48.69701580200268,""x"":986.6090811563012,""y"":1482.6632078560488,""tool"":0,""angle"":33.685661940632905,""frame"":0,""details"":[],""tool_label"":""Huasaí palm crown""},{""r"":51.81641924788726,""x"":138.1418137001321,""y"":1304.394070872037,""tool"":1,""angle"":-92.48996686382034,""frame"":0,""details"":[],""tool_label"":""Flowering crown""},{""r"":79.64243512415604,""x"":584.35799844238,""y"":831.8545410253901,""tool"":2,""angle"":-66.79795536585591,""frame"":0,""details"":[],""tool_label"":""Leafless crown""}]}]","{""4988730"":{""retired"":{""id"":3118554,""workflow_id"":3130,""classifications_count"":15,""created_at"":""2016-12-12T16:11:08.811Z"",""updated_at"":""2017-01-08T14:44:09.186Z"",""retired_at"":""2017-01-08T14:44:09.178Z"",""subject_id"":4988730,""retirement_reason"":null},""Filename"":""20161006_Zone3_S4_0928.jpg""}}",4988730
23170534,MZimmer275,149719,e43e929280e308932cbc,3130,"Phenology and Demography - flowering, leafless and Huasaí palm crowns ",1.13,2016-12-12 16:46:41 UTC,,,"{""session"":""8cb3a76e20a1d11b965aeeea2318878963306824c74efd9c900664a92e59281a"",""viewport"":{""width"":1600,""height"":754},""started_at"":""2016-12-12T16:45:21.426Z"",""user_agent"":""Mozilla/5.0 (Windows NT 6.1; WOW64; rv:50.0) Gecko/20100101 Firefox/50.0"",""utc_offset"":""-3600"",""finished_at"":""2016-12-12T16:46:39.235Z"",""live_project"":true,""user_language"":""en"",""user_group_ids"":[],""subject_dimensions"":[{""clientWidth"":905,""clientHeight"":679,""naturalWidth"":2000,""naturalHeight"":1500}]}","[{""task"":""T2"",""task_label"":""1. Can you spot any flowering, leafless or *Huasaí* palm crowns in the image?"",""value"":""Yes""},{""task"":""T1"",""task_label"":""2. Circle crowns of flowering trees, leafless trees, and *Huasaí* palms\n"",""value"":[{""r"":126.17052285238573,""x"":124.81720434105004,""y"":1050.597052656624,""tool"":0,""angle"":-43.602704998368516,""frame"":0,""details"":[],""tool_label"":""Huasaí palm crown""},{""r"":94.93260350881594,""x"":797.254196882551,""y"":495.66543329601535,""tool"":2,""angle"":-55.581205131864614,""frame"":0,""details"":[],""tool_label"":""Leafless crown""},{""r"":306.2266376123674,""x"":1759.3300496029408,""y"":968.3204800426574,""tool"":2,""angle"":-22.556919645081358,""frame"":0,""details"":[],""tool_label"":""Leafless crown""}]}]","{""4992047"":{""retired"":{""id"":3119175,""workflow_id"":3130,""classifications_count"":15,""created_at"":""2016-12-12T16:32:56.175Z"",""updated_at"":""2017-02-15T20:00:52.998Z"",""retired_at"":""2017-02-15T20:00:52.991Z"",""subject_id"":4992047,""retirement_reason"":null},""Filename"":""20161006_Zone5_S2_101.jpg""}}",4992047
23170536,Stephenme,1523984,7a50cbbac22974eb8f69,3130,"Phenology and Demography - flowering, leafless and Huasaí palm crowns ",1.13,2016-12-12 16:46:44 UTC,,,"{""session"":""127cd13f7c664d3032ba021a61c4211714dbd8d51e766bc4a1da408e64d9e524"",""viewport"":{""width"":1221,""height"":626},""started_at"":""2016-12-12T16:46:30.115Z"",""user_agent"":""Mozilla/5.0 (Macintosh; Intel Mac OS X 10_11_6) AppleWebKit/602.2.14 (KHTML, like Gecko) Version/10.0.1 Safari/602.2.14"",""utc_offset"":""25200"",""finished_at"":""2016-12-12T16:46:44.570Z"",""live_project"":true,""user_language"":""en"",""user_group_ids"":[],""subject_dimensions"":[{""clientWidth"":585,""clientHeight"":439,""naturalWidth"":2000,""naturalHeight"":1500}]}","[{""task"":""T2"",""task_label"":""1. Can you spot any flowering, leafless or *Huasaí* palm crowns in the image?"",""value"":""No""}]","{""4985026"":{""retired"":{""id"":3119557,""workflow_id"":3130,""classifications_count"":15,""created_at"":""2016-12-12T16:46:45.117Z"",""updated_at"":""2017-02-28T22:51:11.901Z"",""retired_at"":""2017-02-28T22:51:11.883Z"",""subject_id"":4985026,""retirement_reason"":null},""Filename"":""20161006_Zone3_S1_0041.jpg""}}",4985026
23170539,Dorser,1442497,6c5fbc1eec885fd608ca,3130,"Phenology and Demography - flowering, leafless and Huasaí palm crowns ",1.13,2016-12-12 16:46:48 UTC,,,"{""session"":""91157ca7f4b07f7d9f52f83b8f5e8defd7d2dfe46c02dbf2452a7e19baf3f545"",""viewport"":{""width"":1277,""height"":798},""started_at"":""2016-12-12T16:45:56.627Z"",""user_agent"":""Mozilla/5.0 (Macintosh; Intel Mac OS X 10_11_2) AppleWebKit/601.3.9 (KHTML, like Gecko) Version/9.0.2 Safari/601.3.9"",""utc_offset"":""18000"",""finished_at"":""2016-12-12T16:46:48.306Z"",""live_project"":true,""user_language"":""en"",""user_group_ids"":[],""subject_dimensions"":[{""clientWidth"":623,""clientHeight"":467,""naturalWidth"":2000,""naturalHeight"":1500}]}","[{""task"":""T2"",""task_label"":""1. Can you spot any flowering, leafless or *Huasaí* palm crowns in the image?"",""value"":""Yes""},{""task"":""T1"",""task_label"":""2. Circle crowns of flowering trees, leafless trees, and *Huasaí* palms\n"",""value"":[{""r"":75.2417429891661,""x"":744.0541896638231,""y"":1326.2418464626192,""tool"":0,""angle"":-50.19442890773458,""frame"":0,""details"":[],""tool_label"":""Huasaí palm crown""},{""r"":127.84604828833307,""x"":1328.4997491219265,""y"":812.4435524335171,""tool"":2,""angle"":-25.27772223555297,""frame"":0,""details"":[],""tool_label"":""Leafless crown""},{""r"":64.22478675363777,""x"":1977.1700953336676,""y"":757.8524836929249,""tool"":2,""angle"":-36.86989764584402,""frame"":0,""details"":[],""tool_label"":""Leafless crown""},{""r"":162.60417253889014,""x"":5.46914199698946,""y"":825.2885097842445,""tool"":2,""angle"":-80.9097230791777,""frame"":0,""details"":[],""tool_label"":""Leafless crown""}]}]","{""4992765"":{""retired"":{""id"":3119559,""workflow_id"":3130,""classifications_count"":15,""created_at"":""2016-12-12T16:46:48.720Z"",""updated_at"":""2017-02-26T04:54:32.348Z"",""retired_at"":""2017-02-26T04:54:32.329Z"",""subject_id"":4992765,""retirement_reason"":null},""Filename"":""20161006_Zone5_S4_019.jpg""}}",4992765
23170544,nextlola,52727,e84b350d9464677eb55f,3130,"Phenology and Demography - flowering, leafless and Huasaí palm crowns ",1.13,2016-12-12 16:46:55 UTC,,,"{""session"":""f0433a23a751f7051f2a3194be5fbc6fe3ba09c1240e05ae9528646c8b83f2cb"",""viewport"":{""width"":1920,""height"":966},""started_at"":""2016-12-12T16:45:06.322Z"",""user_agent"":""Mozilla/5.0 (Windows NT 6.1; WOW64; rv:50.0) Gecko/20100101 Firefox/50.0"",""utc_offset"":""-3600"",""finished_at"":""2016-12-12T16:46:55.709Z"",""live_project"":true,""user_language"":""en"",""user_group_ids"":[],""subject_dimensions"":[{""clientWidth"":1159,""clientHeight"":869,""naturalWidth"":2000,""naturalHeight"":1500}]}","[{""task"":""T2"",""task_label"":""1. Can you spot any flowering, leafless or *Huasaí* palm crowns in the image?"",""value"":""Yes""},{""task"":""T1"",""task_label"":""2. Circle crowns of flowering trees, leafless trees, and *Huasaí* palms\n"",""value"":[{""r"":164.64003344709747,""x"":1041.4079218918455,""y"":324.3616196008917,""tool"":2,""angle"":128.19095177503522,""frame"":0,""details"":[],""tool_label"":""Leafless crown""},{""r"":250.10113138663203,""x"":1693.5818624063645,""y"":854.0372430980918,""tool"":1,""angle"":134.72051262054944,""frame"":0,""details"":[],""tool_label"":""Flowering crown""}]}]","{""4984967"":{""retired"":{""id"":3119562,""workflow_id"":3130,""classifications_count"":15,""created_at"":""2016-12-12T16:46:55.865Z"",""updated_at"":""2017-03-04T03:00:32.673Z"",""retired_at"":""2017-03-04T03:00:32.668Z"",""subject_id"":4984967,""retirement_reason"":null},""Filename"":""20161006_Zone3_S1_0012.jpg""}}",4984967
23170546,not-logged-in-bc77afb56758de159682,,bc77afb56758de159682,3130,"Phenology and Demography - flowering, leafless and Huasaí palm crowns ",1.13,2016-12-12 16:46:56 UTC,,,"{""session"":""76fb93e61342aa04e20f66f233a3b14ba500b2fedbc111c9a845e82ec69c1020"",""viewport"":{""width"":1932,""height"":1249},""started_at"":""2016-12-12T16:44:09.947Z"",""user_agent"":""Mozilla/5.0 (Macintosh; Intel Mac OS X 10_9_5) AppleWebKit/601.7.8 (KHTML, like Gecko) Version/9.1.3 Safari/537.86.7"",""utc_offset"":""0"",""finished_at"":""2016-12-12T16:46:54.104Z"",""live_project"":true,""user_language"":""en"",""subject_dimensions"":[{""clientWidth"":1239,""clientHeight"":931,""naturalWidth"":1995,""naturalHeight"":1500}]}","[{""task"":""T2"",""task_label"":""1. Can you spot any flowering, leafless or *Huasaí* palm crowns in the image?"",""value"":""Yes""},{""task"":""T1"",""task_label"":""2. Circle crowns of flowering trees, leafless trees, and *Huasaí* palms\n"",""value"":[{""r"":54.72137571022391,""x"":517.1405331839372,""y"":478.4213705617827,""tool"":0,""angle"":-47.3859467317158,""frame"":0,""details"":[],""tool_label"":""Huasaí palm crown""},{""r"":59.62307756649023,""x"":502.64291726598094,""y"":1166.2527686421909,""tool"":0,""angle"":-51.5819472946702,""frame"":0,""details"":[],""tool_label"":""Huasaí palm crown""},{""r"":66.22126162065078,""x"":1686.6148838990832,""y"":352.77535405060746,""tool"":0,""angle"":-41.05481645602178,""frame"":0,""details"":[],""tool_label"":""Huasaí palm crown""},{""r"":90.90940802514604,""x"":1122.8187093118916,""y"":33.82777367608565,""tool"":0,""angle"":-60.25512103844969,""frame"":0,""details"":[],""tool_label"":""Huasaí palm crown""},{""r"":154.8508400482691,""x"":860.250776575571,""y"":500.97321967917316,""tool"":1,""angle"":-2.981461501585263,""frame"":0,""details"":[],""tool_label"":""Flowering crown""},{""r"":283.1471986656008,""x"":1425.6577973758688,""y"":243.23780119471107,""tool"":1,""angle"":-62.560274269018784,""frame"":0,""details"":[],""tool_label"":""Flowering crown""},{""r"":154.3221032611449,""x"":46.77343895690891,""y"":401.1007450164441,""tool"":2,""angle"":-53.488946473087566,""frame"":0,""details"":[],""tool_label"":""Leafless crown""},{""r"":432.5834730219694,""x"":1752.6595786364398,""y"":1448.1508826095712,""tool"":2,""angle"":124.99201765157075,""frame"":0,""details"":[],""tool_label"":""Leafless crown""},{""r"":49.754034069947615,""x"":1804.2066574558403,""y"":486.47560238942214,""tool"":2,""angle"":-60.945398202480064,""frame"":0,""details"":[],""tool_label"":""Leafless crown""},{""r"":52.76597549930007,""x"":1846.088658996603,""y"":384.9922813611652,""tool"":2,""angle"":-58.73627071066288,""frame"":0,""details"":[],""tool_label"":""Leafless crown""},{""r"":136.26576705465354,""x"":1053.606429386332,""y"":744.6882029849581,""tool"":1,""angle"":-46.78196044055549,""frame"":0,""details"":[],""tool_label"":""Flowering crown""}]}]","{""4988010"":{""retired"":{""id"":3119563,""workflow_id"":3130,""classifications_count"":15,""created_at"":""2016-12-12T16:46:56.239Z"",""updated_at"":""2017-02-24T13:51:31.107Z"",""retired_at"":""2017-02-24T13:51:31.090Z"",""subject_id"":4988010,""retirement_reason"":null},""Filename"":""20161006_Zone3_S3_0612.jpg""}}",4988010
23170549,Stephenme,1523984,7a50cbbac22974eb8f69,3130,"Phenology and Demography - flowering, leafless and Huasaí palm crowns ",1.13,2016-12-12 16:47:00 UTC,,,"{""session"":""127cd13f7c664d3032ba021a61c4211714dbd8d51e766bc4a1da408e64d9e524"",""viewport"":{""width"":1221,""height"":626},""started_at"":""2016-12-12T16:46:45.808Z"",""user_agent"":""Mozilla/5.0 (Macintosh; Intel Mac OS X 10_11_6) AppleWebKit/602.2.14 (KHTML, like Gecko) Version/10.0.1 Safari/602.2.14"",""utc_offset"":""25200"",""finished_at"":""2016-12-12T16:47:00.599Z"",""live_project"":true,""user_language"":""en"",""user_group_ids"":[],""subject_dimensions"":[{""clientWidth"":585,""clientHeight"":439,""naturalWidth"":2000,""naturalHeight"":1500}]}","[{""task"":""T2"",""task_label"":""1. Can you spot any flowering, leafless or *Huasaí* palm crowns in the image?"",""value"":""No""}]","{""4989194"":{""retired"":{""id"":3119443,""workflow_id"":3130,""classifications_count"":15,""created_at"":""2016-12-12T16:42:17.605Z"",""updated_at"":""2017-02-23T20:31:49.309Z"",""retired_at"":""2017-02-23T20:31:49.292Z"",""subject_id"":4989194,""retirement_reason"":null},""Filename"":""20161006_Zone3_S4_1166.jpg""}}",4989194
30625936,Fujiyama,1548877,0d12e54efbadcd41ac73,1187,Get Started!,1119.15,2017-03-01 09:03:38 UTC,,,"{""session"":""0282b71921f74ad1501ddfdbac3d0bd7a819c77b96d8798af4addf2c2b03d0dd"",""viewport"":{""width"":1372,""height"":782},""started_at"":""2017-03-01T09:03:25.677Z"",""user_agent"":""Mozilla/5.0 (Windows NT 10.0; WOW64) AppleWebKit/537.36 (KHTML, like Gecko) Chrome/56.0.2924.87 Safari/537.36"",""utc_offset"":""-39600"",""finished_at"":""2017-03-01T09:03:37.469Z"",""live_project"":true,""user_language"":""en"",""user_group_ids"":[],""subject_dimensions"":[{""clientWidth"":751,""clientHeight"":564,""naturalWidth"":2048,""naturalHeight"":1536},null,null,null,null]}","[{""task"":""T0"",""value"":[]}]","{""3848001"":{""retired"":{""id"":3240966,""workflow_id"":1187,""classifications_count"":15,""created_at"":""2016-12-19T20:51:04.203Z"",""updated_at"":""2017-03-12T15:27:55.096Z"",""retired_at"":""2017-03-12T15:27:55.083Z"",""subject_id"":3848001,""retirement_reason"":""classification_count""},""Date"":""9/26/2014"",""Temp"":""53"",""Time"":""9:02:33 PM"",""Illum"":""On"",""Label"":""CCP"",""Image 1"":""2014-09-26 21-02-33 M 1_5.JPG"",""Trigger"":""M 1/5"",""Contrast"":""160"",""Firmware"":""3.4.0.20120702"",""Image  2"":""2014-09-26 21-02-34 M 2_5.JPG"",""Image  3"":""2014-09-26 21-02-35 M 3_5.JPG"",""Image  4"":""2014-09-26 21-02-35 M 4_5.JPG"",""Image  5"":""2014-09-26 21-02-36 M 5_5.JPG"",""Location"":""WB5_2014_R7_20141020_ZNVRS"",""Serial #"":""P900HF11168675"",""Sharpness"":""32"",""Brightness"":""0"",""Moon Phase"":""Waxing Crescent"",""Saturation"":""0"",""Subject ID"":""35"",""Sensitivity"":""100"",""Battery(Volts)"":""9""}}",3848001
30626089,Fujiyama,1548877,0d12e54efbadcd41ac73,1187,Get Started!,1119.15,2017-03-01 09:04:14 UTC,,,"{""session"":""0282b71921f74ad1501ddfdbac3d0bd7a819c77b96d8798af4addf2c2b03d0dd"",""viewport"":{""width"":1372,""height"":782},""started_at"":""2017-03-01T09:03:39.913Z"",""user_agent"":""Mozilla/5.0 (Windows NT 10.0; WOW64) AppleWebKit/537.36 (KHTML, like Gecko) Chrome/56.0.2924.87 Safari/537.36"",""utc_offset"":""-39600"",""finished_at"":""2017-03-01T09:04:13.208Z"",""live_project"":true,""user_language"":""en"",""user_group_ids"":[],""subject_dimensions"":[{""clientWidth"":751,""clientHeight"":564,""naturalWidth"":2048,""naturalHeight"":1536},null,null,null,null]}","[{""task"":""T0"",""value"":[{""choice"":""DR"",""answers"":{""HWMNNMLSDS"":""1""},""filters"":{}}]}]","{""3543428"":{""retired"":null,""Date"":""7/31/2014"",""Temp"":""73"",""Time"":""6:04:57 PM"",""Illum"":""Off"",""Label"":""PC900 PROFESSIONAL"",""Image 1"":""2014-07-31 18-04-57 M 1_5.JPG"",""Image 2"":""2014-07-31 18-04-58 M 2_5.JPG"",""Image 3"":""2014-07-31 18-04-59 M 3_5.JPG"",""Image 4"":""2014-07-31 18-04-59 M 4_5.JPG"",""Image 5"":""2014-07-31 18-05-00 M 5_5.JPG"",""Trigger"":""M 1/5"",""Contrast"":""128"",""Firmware"":""3.4.0.20120702"",""Location"":""WB1_2014_R1_20140820_ZNVRS"",""Serial #"":""P900HF11168839"",""Narrative"":"""",""Sharpness"":""64"",""Brightness"":""0"",""Moon Phase"":""Waxing Crescent"",""Saturation"":""154"",""Subject ID"":""318"",""Sensitivity"":""100"",""Battery(Volts)"":""9.6""}}",3543428
30626407,Fujiyama,1548877,0d12e54efbadcd41ac73,1187,Get Started!,1119.15,2017-03-01 09:05:24 UTC,,,"{""session"":""0282b71921f74ad1501ddfdbac3d0bd7a819c77b96d8798af4addf2c2b03d0dd"",""viewport"":{""width"":1372,""height"":782},""started_at"":""2017-03-01T09:04:15.147Z"",""user_agent"":""Mozilla/5.0 (Windows NT 10.0; WOW64) AppleWebKit/537.36 (KHTML, like Gecko) Chrome/56.0.2924.87 Safari/537.36"",""utc_offset"":""-39600"",""finished_at"":""2017-03-01T09:05:23.312Z"",""live_project"":true,""user_language"":""en"",""user_group_ids"":[],""subject_dimensions"":[{""clientWidth"":751,""clientHeight"":564,""naturalWidth"":2048,""naturalHeight"":1536},null,null,null,null]}","[{""task"":""T0"",""value"":[{""choice"":""LK"",""answers"":{""HWMNNMLSDS"":""1""},""filters"":{}}]}]","{""3543978"":{""retired"":null,""Date"":""8/5/2014"",""Temp"":""44"",""Time"":""11:42:29 PM"",""Illum"":""On"",""Label"":""PC900 PROFESSIONAL"",""Image 1"":""2014-08-05 23-42-29 M 1_5.JPG"",""Image 2"":""2014-08-05 23-42-30 M 2_5.JPG"",""Image 3"":""2014-08-05 23-42-31 M 3_5.JPG"",""Image 4"":""2014-08-05 23-42-32 M 4_5.JPG"",""Image 5"":""2014-08-05 23-42-32 M 5_5.JPG"",""Trigger"":""M 1/5"",""Contrast"":""160"",""Firmware"":""3.4.0.20120702"",""Location"":""WB1_2014_R1_20140820_ZNVRS"",""Serial #"":""P900HF11168839"",""Narrative"":"""",""Sharpness"":""32"",""Brightness"":""0"",""Moon Phase"":""Waxing Gibbous"",""Saturation"":""0"",""Subject ID"":""791"",""Sensitivity"":""100"",""Battery(Volts)"":""8.6""}}",3543978
30626493,Fujiyama,1548877,0d12e54efbadcd41ac73,1187,Get Started!,1119.15,2017-03-01 09:05:46 UTC,,,"{""session"":""0282b71921f74ad1501ddfdbac3d0bd7a819c77b96d8798af4addf2c2b03d0dd"",""viewport"":{""width"":1372,""height"":782},""started_at"":""2017-03-01T09:05:25.093Z"",""user_agent"":""Mozilla/5.0 (Windows NT 10.0; WOW64) AppleWebKit/537.36 (KHTML, like Gecko) Chrome/56.0.2924.87 Safari/537.36"",""utc_offset"":""-39600"",""finished_at"":""2017-03-01T09:05:45.620Z"",""live_project"":true,""user_language"":""en"",""user_group_ids"":[],""subject_dimensions"":[{""clientWidth"":751,""clientHeight"":564,""naturalWidth"":2048,""naturalHeight"":1536},null,null,null,null]}","[{""task"":""T0"",""value"":[{""choice"":""MS"",""answers"":{""HWMNNMLSDS"":""2""},""filters"":{}}]}]","{""3543229"":{""retired"":null,""Date"":""7/29/2014"",""Temp"":""45"",""Time"":""12:07:57 AM"",""Illum"":""On"",""Label"":""PC900 PROFESSIONAL"",""Image 1"":""2014-07-29 00-07-57 M 1_5.JPG"",""Image 2"":""2014-07-29 00-07-58 M 2_5.JPG"",""Image 3"":""2014-07-29 00-07-58 M 3_5.JPG"",""Image 4"":""2014-07-29 00-07-59 M 4_5.JPG"",""Image 5"":""2014-07-29 00-08-00 M 5_5.JPG"",""Trigger"":""M 1/5"",""Contrast"":""160"",""Firmware"":""3.4.0.20120702"",""Location"":""WB1_2014_R1_20140820_ZNVRS"",""Serial #"":""P900HF11168839"",""Narrative"":"""",""Sharpness"":""32"",""Brightness"":""0"",""Moon Phase"":""Waxing Crescent"",""Saturation"":""0"",""Subject ID"":""119"",""Sensitivity"":""100"",""Battery(Volts)"":""8.7""}}",3543229
30626585,Fujiyama,1548877,0d12e54efbadcd41ac73,1187,Get Started!,1119.15,2017-03-01 09:06:10 UTC,,,"{""session"":""0282b71921f74ad1501ddfdbac3d0bd7a819c77b96d8798af4addf2c2b03d0dd"",""viewport"":{""width"":1372,""height"":782},""started_at"":""2017-03-01T09:05:49.013Z"",""user_agent"":""Mozilla/5.0 (Windows NT 10.0; WOW64) AppleWebKit/537.36 (KHTML, like Gecko) Chrome/56.0.2924.87 Safari/537.36"",""utc_offset"":""-39600"",""finished_at"":""2017-03-01T09:06:09.233Z"",""live_project"":true,""user_language"":""en"",""user_group_ids"":[],""subject_dimensions"":[{""clientWidth"":751,""clientHeight"":564,""naturalWidth"":1536,""naturalHeight"":1152},null,null,null,null]}","[{""task"":""T0"",""value"":[{""choice"":""DR"",""answers"":{""HWMNNMLSDS"":""1""},""filters"":{}}]}]","{""3817885"":{""retired"":null,""Date"":""9/14/2014"",""Temp"":""64"",""Time"":""4:00:08 PM"",""Illum"":""Off"",""Label"":""CCP"",""Image 1"":""2014-09-14 16-00-08 M 1_5.JPG"",""Image 3"":""2014-09-14 16-00-09 M 3_5.JPG"",""Image 4"":""2014-09-14 16-00-10 M 4_5.JPG"",""Trigger"":""M 1/5"",""Contrast"":""128"",""Firmware"":""4.1.0.20131009"",""Image  2"":""2014-09-14 16-00-09 M 2_5.JPG"",""Image  5"":""2014-09-14 16-00-11 M 5_5.JPG"",""Location"":""WB4_2014_R6_20140917_ZNVRS"",""Serial #"":""P900HG12201243"",""Sharpness"":""64"",""Brightness"":""0"",""Moon Phase"":""Waning Gibbous"",""Saturation"":""154"",""Subject ID"":""57"",""Sensitivity"":""100"",""Battery(Volts)"":""9.2""}}",3817885
30626639,Fujiyama,1548877,0d12e54efbadcd41ac73,1187,Get Started!,1119.15,2017-03-01 09:06:23 UTC,,,"{""session"":""0282b71921f74ad1501ddfdbac3d0bd7a819c77b96d8798af4addf2c2b03d0dd"",""viewport"":{""width"":1372,""height"":782},""started_at"":""2017-03-01T09:06:15.101Z"",""user_agent"":""Mozilla/5.0 (Windows NT 10.0; WOW64) AppleWebKit/537.36 (KHTML, like Gecko) Chrome/56.0.2924.87 Safari/537.36"",""utc_offset"":""-39600"",""finished_at"":""2017-03-01T09:06:22.928Z"",""live_project"":true,""user_language"":""en"",""user_group_ids"":[],""subject_dimensions"":[{""clientWidth"":751,""clientHeight"":564,""naturalWidth"":2048,""naturalHeight"":1536},null,null,null,null]}","[{""task"":""T0"",""value"":[]}]","{""3929560"":{""retired"":null,""Date"":""8/9/2014"",""Temp"":""48"",""Time"":""8:29:12 PM"",""Illum"":""On"",""Label"":""PC900 PROFESSIONAL"",""Image 1"":""2014-08-09 20-29-12 M 1_5.JPG"",""Image 2"":""2014-08-09 20-29-12 M 2_5.JPG"",""Image 5"":""2014-08-09 20-29-14 M 5_5.JPG"",""Trigger"":""M 1/5"",""Contrast"":""160"",""Firmware"":""3.4.0.20120702"",""Image  3"":""2014-08-09 20-29-13 M 3_5.JPG"",""Image  4"":""2014-08-09 20-29-14 M 4_5.JPG"",""Location"":""WB3_2014R_R5_20140820_ZNVRS"",""Serial #"":""P900HF11168847"",""Sharpness"":""32"",""Brightness"":""0"",""Moon Phase"":""Full Moon"",""Saturation"":""0"",""Subject ID"":""24"",""Sensitivity"":""100"",""Battery(Volts)"":""9.1""}}",3929560
30626948,Fujiyama,1548877,0d12e54efbadcd41ac73,1187,Get Started!,1119.15,2017-03-01 09:07:29 UTC,,,"{""session"":""0282b71921f74ad1501ddfdbac3d0bd7a819c77b96d8798af4addf2c2b03d0dd"",""viewport"":{""width"":1372,""height"":782},""started_at"":""2017-03-01T09:06:24.431Z"",""user_agent"":""Mozilla/5.0 (Windows NT 10.0; WOW64) AppleWebKit/537.36 (KHTML, like Gecko) Chrome/56.0.2924.87 Safari/537.36"",""utc_offset"":""-39600"",""finished_at"":""2017-03-01T09:07:28.230Z"",""live_project"":true,""user_language"":""en"",""user_group_ids"":[],""subject_dimensions"":[{""clientWidth"":751,""clientHeight"":564,""naturalWidth"":2048,""naturalHeight"":1536},null,null,null,null]}","[{""task"":""T0"",""value"":[{""choice"":""DR"",""answers"":{""HWMNNMLSDS"":""1""},""filters"":{}}]}]","{""3543580"":{""retired"":null,""Date"":""8/1/2014"",""Temp"":""46"",""Time"":""8:49:46 PM"",""Illum"":""On"",""Label"":""PC900 PROFESSIONAL"",""Image 1"":""2014-08-01 20-49-46 M 1_5.JPG"",""Image 2"":""2014-08-01 20-49-47 M 2_5.JPG"",""Image 3"":""2014-08-01 20-49-48 M 3_5.JPG"",""Image 4"":""2014-08-01 20-49-48 M 4_5.JPG"",""Image 5"":""2014-08-01 20-49-49 M 5_5.JPG"",""Trigger"":""M 1/5"",""Contrast"":""160"",""Firmware"":""3.4.0.20120702"",""Location"":""WB1_2014_R1_20140820_ZNVRS"",""Serial #"":""P900HF11168839"",""Narrative"":"""",""Sharpness"":""32"",""Brightness"":""0"",""Moon Phase"":""First Quarter"",""Saturation"":""0"",""Subject ID"":""470"",""Sensitivity"":""100"",""Battery(Volts)"":""8.3""}}",3543580
30627060,Fujiyama,1548877,0d12e54efbadcd41ac73,1187,Get Started!,1119.15,2017-03-01 09:07:53 UTC,,,"{""session"":""0282b71921f74ad1501ddfdbac3d0bd7a819c77b96d8798af4addf2c2b03d0dd"",""viewport"":{""width"":1372,""height"":782},""started_at"":""2017-03-01T09:07:29.671Z"",""user_agent"":""Mozilla/5.0 (Windows NT 10.0; WOW64) AppleWebKit/537.36 (KHTML, like Gecko) Chrome/56.0.2924.87 Safari/537.36"",""utc_offset"":""-39600"",""finished_at"":""2017-03-01T09:07:52.986Z"",""live_project"":true,""user_language"":""en"",""user_group_ids"":[],""subject_dimensions"":[{""clientWidth"":751,""clientHeight"":564,""naturalWidth"":2048,""naturalHeight"":1536},null,null,null,null]}","[{""task"":""T0"",""value"":[{""choice"":""DR"",""answers"":{""HWMNNMLSDS"":""1""},""filters"":{}}]}]","{""3929211"":{""retired"":{""id"":3239687,""workflow_id"":1187,""classifications_count"":15,""created_at"":""2016-12-19T19:16:18.907Z"",""updated_at"":""2017-03-17T21:27:54.354Z"",""retired_at"":""2017-03-17T21:27:54.341Z"",""subject_id"":3929211,""retirement_reason"":""classification_count""},""Date"":""8/23/2014"",""Temp"":""33"",""Time"":""6:45:29 AM"",""Illum"":""Off"",""Label"":""CCP"",""Image 1"":""2014-08-23 06-45-29 M 1_5.JPG"",""Trigger"":""M 1/5"",""Contrast"":""128"",""Firmware"":""3.4.0.20120702"",""Image  2"":""2014-08-23 06-45-30 M 2_5.JPG"",""Image  3"":""2014-08-23 06-45-31 M 3_5.JPG"",""Image  4"":""2014-08-23 06-45-32 M 4_5.JPG"",""Image  5"":""2014-08-23 06-45-33 M 5_5.JPG"",""Location"":""WB5_2014_R7_20140903_ZNVRS"",""Serial #"":""P900HF11168675"",""Sharpness"":""64"",""Brightness"":""0"",""Moon Phase"":""Waning Crescent"",""Saturation"":""154"",""Subject ID"":""110"",""Sensitivity"":""100"",""Battery(Volts)"":""9.7""}}",3929211
30627267,Fujiyama,1548877,0d12e54efbadcd41ac73,1187,Get Started!,1119.15,2017-03-01 09:08:41 UTC,,,"{""session"":""0282b71921f74ad1501ddfdbac3d0bd7a819c77b96d8798af4addf2c2b03d0dd"",""viewport"":{""width"":1372,""height"":782},""started_at"":""2017-03-01T09:07:55.593Z"",""user_agent"":""Mozilla/5.0 (Windows NT 10.0; WOW64) AppleWebKit/537.36 (KHTML, like Gecko) Chrome/56.0.2924.87 Safari/537.36"",""utc_offset"":""-39600"",""finished_at"":""2017-03-01T09:08:40.610Z"",""live_project"":true,""user_language"":""en"",""user_group_ids"":[],""subject_dimensions"":[{""clientWidth"":751,""clientHeight"":564,""naturalWidth"":2048,""naturalHeight"":1536},{""clientWidth"":751,""clientHeight"":564,""naturalWidth"":2048,""naturalHeight"":1536},{""clientWidth"":751,""clientHeight"":564,""naturalWidth"":2048,""naturalHeight"":1536},{""clientWidth"":751,""clientHeight"":564,""naturalWidth"":2048,""naturalHeight"":1536},{""clientWidth"":751,""clientHeight"":564,""naturalWidth"":2048,""naturalHeight"":1536}]}","[{""task"":""T0"",""value"":[{""choice"":""DR"",""answers"":{""HWMNNMLSDS"":""1""},""filters"":{}}]}]","{""3543472"":{""retired"":null,""Date"":""7/31/2014"",""Temp"":""54"",""Time"":""8:07:41 PM"",""Illum"":""Off"",""Label"":""PC900 PROFESSIONAL"",""Image 1"":""2014-07-31 20-07-41 M 1_5.JPG"",""Image 2"":""2014-07-31 20-07-41 M 2_5.JPG"",""Image 3"":""2014-07-31 20-07-42 M 3_5.JPG"",""Image 4"":""2014-07-31 20-07-43 M 4_5.JPG"",""Image 5"":""2014-07-31 20-07-44 M 5_5.JPG"",""Trigger"":""M 1/5"",""Contrast"":""128"",""Firmware"":""3.4.0.20120702"",""Location"":""WB1_2014_R1_20140820_ZNVRS"",""Serial #"":""P900HF11168839"",""Narrative"":"""",""Sharpness"":""64"",""Brightness"":""0"",""Moon Phase"":""Waxing Crescent"",""Saturation"":""154"",""Subject ID"":""362"",""Sensitivity"":""100"",""Battery(Volts)"":""9.8""}}",3543472
15515764,AdrianEvans,1142666,530496ed7963bbb84ca9,1962,FossilFinder Version 2 beta,31.37,2016-08-15 15:04:48 UTC,,,"{""session"":""4d9293ecc1b114875759646c0f8bbd176275e86d032875d0a5ae25e02a4da831"",""viewport"":{""width"":1440,""height"":859},""started_at"":""2016-08-15T15:04:37.482Z"",""user_agent"":""Mozilla/5.0 (Windows NT 10.0; Win64; x64) AppleWebKit/537.36 (KHTML, like Gecko) Chrome/52.0.2743.116 Safari/537.36"",""utc_offset"":""-10800"",""finished_at"":""2016-08-15T15:04:49.976Z"",""live_project"":true,""user_language"":""en"",""user_group_ids"":[],""subject_dimensions"":[{""clientWidth"":795,""clientHeight"":545,""naturalWidth"":795,""naturalHeight"":545}]}","[{""task"":""T5"",""task_label"":""Is the image good enough to study?\n*not all the pictures are awesome*\n*If it is too blurry, dark, noisy, or bushy then bin it!*"",""value"":""Nothing of interest""}]","{""3279317"":{""retired"":{""id"":2315124,""workflow_id"":1962,""classifications_count"":10,""created_at"":""2016-08-12T06:26:00.395Z"",""updated_at"":""2016-08-17T18:02:30.168Z"",""retired_at"":""2016-08-17T18:02:30.154Z"",""subject_id"":3279317,""retirement_reason"":null},""Filename"":""DSC088522015_08_25_24.jpg""}}",3279317
15515802,AdrianEvans,1142666,530496ed7963bbb84ca9,1962,FossilFinder Version 2 beta,31.37,2016-08-15 15:05:18 UTC,,,"{""session"":""4d9293ecc1b114875759646c0f8bbd176275e86d032875d0a5ae25e02a4da831"",""viewport"":{""width"":1440,""height"":859},""started_at"":""2016-08-15T15:05:11.799Z"",""user_agent"":""Mozilla/5.0 (Windows NT 10.0; Win64; x64) AppleWebKit/537.36 (KHTML, like Gecko) Chrome/52.0.2743.116 Safari/537.36"",""utc_offset"":""-10800"",""finished_at"":""2016-08-15T15:05:19.502Z"",""live_project"":true,""user_language"":""en"",""user_group_ids"":[],""subject_dimensions"":[{""clientWidth"":795,""clientHeight"":545,""naturalWidth"":795,""naturalHeight"":545}]}","[{""task"":""T5"",""task_label"":""Is the image good enough to study?\n*not all the pictures are awesome*\n*If it is too blurry, dark, noisy, or bushy then bin it!*"",""value"":""Nothing of interest""}]","{""3278987"":{""retired"":{""id"":2312158,""workflow_id"":1962,""classifications_count"":472,""created_at"":""2016-08-11T17:45:38.924Z"",""updated_at"":""2016-08-20T11:43:36.636Z"",""retired_at"":""2016-08-20T11:43:36.614Z"",""subject_id"":3278987,""retirement_reason"":null},""Filename"":""DSC088842015_08_25_33.jpg""}}",3278987
15516017,AdrianEvans,1142666,530496ed7963bbb84ca9,1962,FossilFinder Version 2 beta,31.37,2016-08-15 15:08:28 UTC,,,"{""session"":""89d9697dce7102fc57b91458f8984627e8d7737c2ecc976c542ac31251d6acf3"",""viewport"":{""width"":1309,""height"":781},""started_at"":""2016-08-15T15:08:21.942Z"",""user_agent"":""Mozilla/5.0 (Windows NT 10.0; Win64; x64) AppleWebKit/537.36 (KHTML, like Gecko) Chrome/52.0.2743.116 Safari/537.36"",""utc_offset"":""-10800"",""finished_at"":""2016-08-15T15:08:30.219Z"",""live_project"":true,""user_language"":""en"",""user_group_ids"":[],""subject_dimensions"":[{""clientWidth"":685,""clientHeight"":470,""naturalWidth"":795,""naturalHeight"":545}]}","[{""task"":""T5"",""task_label"":""Is the image good enough to study?\n*not all the pictures are awesome*\n*If it is too blurry, dark, noisy, or bushy then bin it!*"",""value"":""Nothing of interest""}]","{""3278940"":{""retired"":{""id"":2310247,""workflow_id"":1962,""classifications_count"":10,""created_at"":""2016-08-11T06:03:21.812Z"",""updated_at"":""2016-08-17T17:13:50.074Z"",""retired_at"":""2016-08-17T17:13:50.055Z"",""subject_id"":3278940,""retirement_reason"":null},""Filename"":""DSC088892015_08_25_17.jpg""}}",3278940
15543142,not-logged-in-c16dd482d55f3957d017,,c16dd482d55f3957d017,1962,FossilFinder Version 2 beta,31.37,2016-08-16 00:05:15 UTC,,,"{""session"":""dc568db39af5126b194c9f53d4d15f9beffc3686319b97796a5ddf209c4ec710"",""viewport"":{""width"":375,""height"":628},""started_at"":""2016-08-16T00:04:48.393Z"",""user_agent"":""Mozilla/5.0 (iPhone; CPU iPhone OS 9_3_4 like Mac OS X) AppleWebKit/601.1.46 (KHTML, like Gecko) Version/9.0 Mobile/13G35 Safari/601.1"",""utc_offset"":""21600"",""finished_at"":""2016-08-16T00:05:15.176Z"",""live_project"":true,""user_language"":""en"",""subject_dimensions"":[{""clientWidth"":353,""clientHeight"":242,""naturalWidth"":795,""naturalHeight"":545}]}","[{""task"":""T5"",""task_label"":""Is the image good enough to study?\n*not all the pictures are awesome*\n*If it is too blurry, dark, noisy, or bushy then bin it!*"",""value"":""Nothing of interest""}]","{""3282701"":{""retired"":{""id"":2314864,""workflow_id"":1962,""classifications_count"":10,""created_at"":""2016-08-12T04:26:44.799Z"",""updated_at"":""2016-08-20T21:34:57.661Z"",""retired_at"":""2016-08-20T21:34:57.642Z"",""subject_id"":3282701,""retirement_reason"":null},""Date"":""2015:08:25"",""Time"":""11:13:11"",""Image_Name"":""DSC084002015_08_25_32.jpg"",""Serial_Number"":""32"",""Original_Brightness"":""0.0170296285652933""}}",3282701
15655523,Pmason,1365766,3803b71210d224fcd86a,1962,FossilFinder Version 2 beta,31.37,2016-08-17 15:45:16 UTC,,,"{""session"":""77a590c2245c024294d33e072d4e79783c0083964d2467060e5e8639b443b224"",""viewport"":{""width"":853,""height"":537},""started_at"":""2016-08-17T15:42:36.978Z"",""user_agent"":""Mozilla/5.0 (Windows NT 6.1; rv:48.0) Gecko/20100101 Firefox/48.0"",""utc_offset"":""14400"",""finished_at"":""2016-08-17T15:45:15.874Z"",""live_project"":true,""user_language"":""en"",""user_group_ids"":[],""subject_dimensions"":[{""clientWidth"":705,""clientHeight"":483,""naturalWidth"":795,""naturalHeight"":545}]}","[{""task"":""T5"",""task_label"":""Is the image good enough to study?\n*not all the pictures are awesome*\n*If it is too blurry, dark, noisy, or bushy then bin it!*"",""value"":""OK to study""},{""task"":""T3"",""task_label"":""Mark any items of interest\n*These are rare and can be hard to spot, not every image has things in, have a really good look though!*"",""value"":[{""x"":622.5271523285231,""y"":202.27811825201377,""tool"":4,""frame"":0,""details"":[],""tool_label"":""Might Be Something""},{""x"":612.3717338004307,""y"":279.0068967199227,""tool"":4,""frame"":0,""details"":[],""tool_label"":""Might Be Something""},{""x"":407.00660356567295,""y"":162.78536462882536,""tool"":2,""frame"":0,""details"":[],""tool_label"":""Root-Cast/Rhizolith""},{""x"":357.3578907616656,""y"":186.48101680273842,""tool"":2,""frame"":0,""details"":[],""tool_label"":""Root-Cast/Rhizolith""},{""x"":294.16861992020165,""y"":219.2035840905231,""tool"":2,""frame"":0,""details"":[],""tool_label"":""Root-Cast/Rhizolith""},{""x"":209.5401321860982,""y"":258.6963377137115,""tool"":2,""frame"":0,""details"":[],""tool_label"":""Root-Cast/Rhizolith""},{""x"":129.42516379781358,""y"":320.756379121579,""tool"":2,""frame"":0,""details"":[],""tool_label"":""Root-Cast/Rhizolith""},{""x"":40.283156717891266,""y"":387.32987808638234,""tool"":2,""frame"":0,""details"":[],""tool_label"":""Root-Cast/Rhizolith""},{""x"":87.67510984898921,""y"":422.12112489941205,""tool"":4,""frame"":0,""details"":[],""tool_label"":""Might Be Something""}]}]","{""3273899"":{""retired"":{""id"":2309177,""workflow_id"":1962,""classifications_count"":10,""created_at"":""2016-08-10T23:01:14.749Z"",""updated_at"":""2016-08-17T19:59:51.803Z"",""retired_at"":""2016-08-17T19:59:51.777Z"",""subject_id"":3273899,""retirement_reason"":null},""Filename"":""DSC084972015_08_25_37.jpg""}}",3273899
15667967,Pmason,1365766,399b41d04381d1e4ab06,1962,FossilFinder Version 2 beta,31.37,2016-08-17 18:28:05 UTC,,,"{""session"":""8a6836ab183e22f09ccc1b8a3bcaa00def3dceb2baee63443814458bb4d70cb4"",""viewport"":{""width"":853,""height"":537},""started_at"":""2016-08-17T18:26:52.081Z"",""user_agent"":""Mozilla/5.0 (Windows NT 6.1; rv:48.0) Gecko/20100101 Firefox/48.0"",""utc_offset"":""14400"",""finished_at"":""2016-08-17T18:28:06.683Z"",""live_project"":true,""user_language"":""en"",""user_group_ids"":[],""subject_dimensions"":[{""clientWidth"":705,""clientHeight"":483,""naturalWidth"":795,""naturalHeight"":545}]}","[{""task"":""T5"",""task_label"":""Is the image good enough to study?\n*not all the pictures are awesome*\n*If it is too blurry, dark, noisy, or bushy then bin it!*"",""value"":""OK to study""},{""task"":""T3"",""task_label"":""Mark any items of interest\n*These are rare and can be hard to spot, not every image has things in, have a really good look though!*"",""value"":[{""x"":255.80370548074143,""y"":372.09695883172395,""tool"":4,""frame"":0,""details"":[],""tool_label"":""Might Be Something""},{""x"":357.3578907616656,""y"":343.8878491008751,""tool"":4,""frame"":0,""details"":[],""tool_label"":""Might Be Something""},{""x"":726.3380972823567,""y"":29.074184504601774,""tool"":4,""frame"":0,""details"":[],""tool_label"":""Might Be Something""}]}]","{""3273877"":{""retired"":{""id"":2332267,""workflow_id"":1962,""classifications_count"":10,""created_at"":""2016-08-15T20:31:17.466Z"",""updated_at"":""2016-08-19T20:39:09.820Z"",""retired_at"":""2016-08-19T20:39:09.809Z"",""subject_id"":3273877,""retirement_reason"":null},""Filename"":""DSC084992015_08_25_28.jpg""}}",3273877
15827395,not-logged-in-ba29ea7ce5ca40a6ba59,,ba29ea7ce5ca40a6ba59,1962,FossilFinder Version 2 beta,31.37,2016-08-20 12:18:18 UTC,,,"{""session"":""6c39d867a292e935912dd3150af5565069213857277d58cb54b470d71925572e"",""viewport"":{""width"":1664,""height"":915},""started_at"":""2016-08-20T12:18:14.884Z"",""user_agent"":""Mozilla/5.0 (Windows NT 6.3; WOW64; rv:47.0) Gecko/20100101 Firefox/47.0"",""utc_offset"":""-7200"",""finished_at"":""2016-08-20T12:18:19.626Z"",""live_project"":true,""user_language"":""en"",""subject_dimensions"":[{""clientWidth"":795,""clientHeight"":545,""naturalWidth"":795,""naturalHeight"":545}]}","[{""task"":""T5"",""task_label"":""Is the image good enough to study?\n*not all the pictures are awesome*\n*If it is too blurry, dark, noisy, or bushy then bin it!*"",""value"":""Nothing of interest""}]","{""3278939"":{""retired"":{""id"":2343144,""workflow_id"":1962,""classifications_count"":10,""created_at"":""2016-08-17T07:33:51.961Z"",""updated_at"":""2016-08-22T21:36:36.041Z"",""retired_at"":""2016-08-22T21:36:36.009Z"",""subject_id"":3278939,""retirement_reason"":null},""Filename"":""DSC088892015_08_25_23.jpg""}}",3278939
15827412,not-logged-in-ba29ea7ce5ca40a6ba59,,ba29ea7ce5ca40a6ba59,1962,FossilFinder Version 2 beta,31.37,2016-08-20 12:18:41 UTC,,,"{""session"":""6c39d867a292e935912dd3150af5565069213857277d58cb54b470d71925572e"",""viewport"":{""width"":1664,""height"":915},""started_at"":""2016-08-20T12:18:36.356Z"",""user_agent"":""Mozilla/5.0 (Windows NT 6.3; WOW64; rv:47.0) Gecko/20100101 Firefox/47.0"",""utc_offset"":""-7200"",""finished_at"":""2016-08-20T12:18:43.239Z"",""live_project"":true,""user_language"":""en"",""subject_dimensions"":[{""clientWidth"":795,""clientHeight"":545,""naturalWidth"":795,""naturalHeight"":545}]}","[{""task"":""T5"",""task_label"":""Is the image good enough to study?\n*not all the pictures are awesome*\n*If it is too blurry, dark, noisy, or bushy then bin it!*"",""value"":""Nothing of interest""}]","{""3279085"":{""retired"":{""id"":2328096,""workflow_id"":1962,""classifications_count"":10,""created_at"":""2016-08-14T17:47:41.817Z"",""updated_at"":""2016-08-20T12:18:42.061Z"",""retired_at"":""2016-08-20T12:18:42.028Z"",""subject_id"":3279085,""retirement_reason"":null},""Filename"":""DSC088752015_08_25_15.jpg""}}",3279085
15827424,not-logged-in-ba29ea7ce5ca40a6ba59,,ba29ea7ce5ca40a6ba59,1962,FossilFinder Version 2 beta,31.37,2016-08-20 12:19:20 UTC,,,"{""session"":""6c39d867a292e935912dd3150af5565069213857277d58cb54b470d71925572e"",""viewport"":{""width"":1664,""height"":915},""started_at"":""2016-08-20T12:19:14.552Z"",""user_agent"":""Mozilla/5.0 (Windows NT 6.3; WOW64; rv:47.0) Gecko/20100101 Firefox/47.0"",""utc_offset"":""-7200"",""finished_at"":""2016-08-20T12:19:21.793Z"",""live_project"":true,""user_language"":""en"",""subject_dimensions"":[{""clientWidth"":795,""clientHeight"":545,""naturalWidth"":795,""naturalHeight"":545}]}","[{""task"":""T5"",""task_label"":""Is the image good enough to study?\n*not all the pictures are awesome*\n*If it is too blurry, dark, noisy, or bushy then bin it!*"",""value"":""Nothing of interest""}]","{""3278686"":{""retired"":{""id"":2309784,""workflow_id"":1962,""classifications_count"":10,""created_at"":""2016-08-11T02:10:38.600Z"",""updated_at"":""2016-08-21T15:35:22.114Z"",""retired_at"":""2016-08-21T15:35:22.089Z"",""subject_id"":3278686,""retirement_reason"":null},""Filename"":""DSC089142015_08_25_33.jpg""}}",3278686
15828164,not-logged-in-ba29ea7ce5ca40a6ba59,,ba29ea7ce5ca40a6ba59,1962,FossilFinder Version 2 beta,31.37,2016-08-20 12:42:42 UTC,,,"{""session"":""6c39d867a292e935912dd3150af5565069213857277d58cb54b470d71925572e"",""viewport"":{""width"":1664,""height"":915},""started_at"":""2016-08-20T12:42:36.408Z"",""user_agent"":""Mozilla/5.0 (Windows NT 6.3; WOW64; rv:47.0) Gecko/20100101 Firefox/47.0"",""utc_offset"":""-7200"",""finished_at"":""2016-08-20T12:42:43.401Z"",""live_project"":true,""user_language"":""en"",""subject_dimensions"":[{""clientWidth"":795,""clientHeight"":545,""naturalWidth"":795,""naturalHeight"":545}]}","[{""task"":""T5"",""task_label"":""Is the image good enough to study?\n*not all the pictures are awesome*\n*If it is too blurry, dark, noisy, or bushy then bin it!*"",""value"":""Nothing of interest""}]","{""3278481"":{""retired"":{""id"":2330288,""workflow_id"":1962,""classifications_count"":10,""created_at"":""2016-08-15T07:03:30.594Z"",""updated_at"":""2016-09-28T17:04:02.190Z"",""retired_at"":""2016-09-28T17:04:02.167Z"",""subject_id"":3278481,""retirement_reason"":null},""Filename"":""DSC089362015_08_25_08.jpg""}}",3278481
2522284,Astacus,1365369,37ba08e24168264ee42b,371,Fossil Finder,160.317,2015-09-09 09:30:26 UTC,,,"{""viewport"":{""width"":739,""height"":947},""started_at"":""2015-09-09T09:29:05.642Z"",""user_agent"":""Mozilla/5.0 (iPad; CPU OS 8_4_1 like Mac OS X) AppleWebKit/600.1.4 (KHTML, like Gecko) Version/8.0 Mobile/12H321 Safari/600.1.4"",""utc_offset"":""-3600"",""finished_at"":""2015-09-09T09:30:25.579Z"",""live_project"":true,""user_language"":""en"",""subject_dimensions"":[{""clientWidth"":710,""clientHeight"":487,""naturalWidth"":795,""naturalHeight"":545}]}","[{""task"":""T5"",""task_label"":""Is the image good enough to study?\n*not all the pictures are awesome, tell us why*"",""value"":""OK to study""},{""task"":""T2"",""task_label"":""What is the density of surface rubble?\n*The percentage of ground cover (rocks/clasts/pebbles)*"",""value"":""20-60%""},{""task"":""T1"",""task_label"":""Do you see any of these rock, clast or mineral types? \n*If you can then mark up to three*"",""value"":[{""x"":486.75386227116235,""y"":385.51637845295005,""tool"":4,""frame"":0,""details"":[{""value"":3}],""tool_label"":""Claystone""},{""x"":323.371002080549,""y"":336.27771182906093,""tool"":4,""frame"":0,""details"":[{""value"":3}],""tool_label"":""Claystone""},{""x"":193.55996247704792,""y"":199.75231800827746,""tool"":5,""frame"":0,""details"":[{""value"":[0]}],""tool_label"":""Sandstone""}]},{""task"":""T3"",""task_label"":""Mark any items of interest\n*These are rare and can be hard to spot, not every image has things in, have a really good look though!*"",""value"":[]}]","{""908455"":{""retired"":{""id"":820181,""workflow_id"":371,""classifications_count"":11,""created_at"":""2015-09-09T02:12:48.203Z"",""updated_at"":""2015-09-11T18:11:13.903Z"",""retired_at"":""2015-09-11T18:11:13.903Z"",""subject_id"":908455,""retirement_reason"":null},""Date"":""2015:08:25"",""Time"":""11:46:26"",""Image_Name"":""DSC094562015_08_25_41.jpg"",""Serial_Number"":""41"",""Original_Brightness"":""0.0199291323552827""}}",908455
2522285,LazyEgg,1365851,ff84243e19b2c5e749b7,371,Fossil Finder,160.317,2015-09-09 09:30:30 UTC,,,"{""viewport"":{""width"":1366,""height"":653},""started_at"":""2015-09-09T09:28:56.362Z"",""user_agent"":""Mozilla/5.0 (Windows NT 6.1; WOW64) AppleWebKit/537.36 (KHTML, like Gecko) Chrome/43.0.2357.134 Safari/537.36"",""utc_offset"":""-7200"",""finished_at"":""2015-09-09T09:30:32.262Z"",""live_project"":true,""user_language"":""en"",""subject_dimensions"":[{""clientWidth"":795,""clientHeight"":545,""naturalWidth"":795,""naturalHeight"":545}]}","[{""task"":""T5"",""task_label"":""Is the image good enough to study?\n*not all the pictures are awesome, tell us why*"",""value"":""OK to study""},{""task"":""T2"",""task_label"":""What is the density of surface rubble?\n*The percentage of ground cover (rocks/clasts/pebbles)*"",""value"":""20-60%""},{""task"":""T1"",""task_label"":""Do you see any of these rock, clast or mineral types? \n*If you can then mark up to three*"",""value"":[{""x"":243.65625,""y"":44,""tool"":0,""frame"":0,""details"":[],""tool_label"":""Basalt""},{""x"":332.65625,""y"":424,""tool"":0,""frame"":0,""details"":[],""tool_label"":""Basalt""}]},{""task"":""T3"",""task_label"":""Mark any items of interest\n*These are rare and can be hard to spot, not every image has things in, have a really good look though!*"",""value"":[]}]","{""703666"":{""retired"":{""id"":810492,""workflow_id"":371,""classifications_count"":13,""created_at"":""2015-09-08T13:25:50.452Z"",""updated_at"":""2015-09-11T12:08:00.499Z"",""retired_at"":""2015-09-11T12:08:00.499Z"",""subject_id"":703666,""retirement_reason"":null},""Date"":""2015:08:25"",""Time"":""11:12:01"",""Image_Name"":""DSC083422015_08_25_14.jpg"",""Serial_Number"":""14"",""Original_Brightness"":""0.0186618094801762""}}",703666
2522287,LazyEgg,1365851,99785c21ef121ef62d39,371,Fossil Finder,160.317,2015-09-09 09:30:56 UTC,,,"{""viewport"":{""width"":1366,""height"":653},""started_at"":""2015-09-09T09:30:34.291Z"",""user_agent"":""Mozilla/5.0 (Windows NT 6.1; WOW64) AppleWebKit/537.36 (KHTML, like Gecko) Chrome/43.0.2357.134 Safari/537.36"",""utc_offset"":""-7200"",""finished_at"":""2015-09-09T09:30:57.491Z"",""live_project"":true,""user_language"":""en"",""subject_dimensions"":[{""clientWidth"":795,""clientHeight"":545,""naturalWidth"":795,""naturalHeight"":545}]}","[{""task"":""T5"",""task_label"":""Is the image good enough to study?\n*not all the pictures are awesome, tell us why*"",""value"":""OK to study""},{""task"":""T2"",""task_label"":""What is the density of surface rubble?\n*The percentage of ground cover (rocks/clasts/pebbles)*"",""value"":""0-20%""},{""task"":""T4"",""task_label"":""What is the surface mostly made of?"",""value"":""Sand""},{""task"":""T3"",""task_label"":""Mark any items of interest\n*These are rare and can be hard to spot, not every image has things in, have a really good look though!*"",""value"":[]}]","{""699953"":{""retired"":{""id"":841448,""workflow_id"":371,""classifications_count"":12,""created_at"":""2015-09-08T12:25:12.518Z"",""updated_at"":""2015-09-09T23:27:41.543Z"",""retired_at"":""2015-09-09T23:27:41.543Z"",""subject_id"":699953,""retirement_reason"":null},""Date"":""2015:08:25"",""Time"":""11:11:00"",""Image_Name"":""DSC082912015_08_25_25.jpg"",""Serial_Number"":""25"",""Original_Brightness"":""0.0197722289168318""}}",699953
2522288,Astacus,1365369,22d3ed3e8e4d5fcb279b,371,Fossil Finder,160.317,2015-09-09 09:30:57 UTC,,,"{""viewport"":{""width"":739,""height"":947},""started_at"":""2015-09-09T09:30:27.551Z"",""user_agent"":""Mozilla/5.0 (iPad; CPU OS 8_4_1 like Mac OS X) AppleWebKit/600.1.4 (KHTML, like Gecko) Version/8.0 Mobile/12H321 Safari/600.1.4"",""utc_offset"":""-3600"",""finished_at"":""2015-09-09T09:30:57.308Z"",""live_project"":true,""user_language"":""en"",""subject_dimensions"":[{""clientWidth"":710,""clientHeight"":487,""naturalWidth"":795,""naturalHeight"":545}]}","[{""task"":""T5"",""task_label"":""Is the image good enough to study?\n*not all the pictures are awesome, tell us why*"",""value"":""OK to study""},{""task"":""T2"",""task_label"":""What is the density of surface rubble?\n*The percentage of ground cover (rocks/clasts/pebbles)*"",""value"":""0-20%""},{""task"":""T4"",""task_label"":""What is the surface mostly made of?"",""value"":""Sand""},{""task"":""T3"",""task_label"":""Mark any items of interest\n*These are rare and can be hard to spot, not every image has things in, have a really good look though!*"",""value"":[]}]","{""909719"":{""retired"":{""id"":823221,""workflow_id"":371,""classifications_count"":11,""created_at"":""2015-09-08T15:26:31.664Z"",""updated_at"":""2015-09-16T10:03:00.723Z"",""retired_at"":""2015-09-16T10:03:00.723Z"",""subject_id"":909719,""retirement_reason"":null},""Date"":""2015:08:25"",""Time"":""11:46:57"",""Image_Name"":""DSC094822015_08_25_31.jpg"",""Serial_Number"":""31"",""Original_Brightness"":""0.0187248565959039""}}",909719
2522290,markglen,496344,cb553f3bbc3c7a1f1adb,371,Fossil Finder,160.317,2015-09-09 09:31:07 UTC,,,"{""viewport"":{""width"":1280,""height"":727},""started_at"":""2015-09-09T09:29:57.738Z"",""user_agent"":""Mozilla/5.0 (Linux; Android 5.0.2; SGP712 Build/28.0.A.8.251) AppleWebKit/537.36 (KHTML, like Gecko) Chrome/45.0.2454.84 Safari/537.36"",""utc_offset"":""-3600"",""finished_at"":""2015-09-09T09:31:10.627Z"",""live_project"":true,""user_language"":""en"",""subject_dimensions"":[{""clientWidth"":755,""clientHeight"":518,""naturalWidth"":795,""naturalHeight"":545}]}","[{""task"":""T5"",""task_label"":""Is the image good enough to study?\n*not all the pictures are awesome, tell us why*"",""value"":""OK to study""},{""task"":""T2"",""task_label"":""What is the density of surface rubble?\n*The percentage of ground cover (rocks/clasts/pebbles)*"",""value"":""20-60%""},{""task"":""T1"",""task_label"":""Do you see any of these rock, clast or mineral types? \n*If you can then mark up to three*"",""value"":[]},{""task"":""T3"",""task_label"":""Mark any items of interest\n*These are rare and can be hard to spot, not every image has things in, have a really good look though!*"",""value"":[{""x"":722.2744538243109,""y"":235.078142094928,""tool"":0,""frame"":0,""details"":[],""tool_label"":""Fossil Bone/Tooth""},{""x"":136.4319542187213,""y"":451.6198352096098,""tool"":0,""frame"":0,""details"":[],""tool_label"":""Fossil Bone/Tooth""},{""x"":353.88742119266175,""y"":456.4118500626264,""tool"":0,""frame"":0,""details"":[],""tool_label"":""Fossil Bone/Tooth""},{""x"":25.510334317648834,""y"":240.80812735320526,""tool"":0,""frame"":0,""details"":[],""tool_label"":""Fossil Bone/Tooth""},{""x"":560.6040332534113,""y"":84.54449385337126,""tool"":0,""frame"":0,""details"":[],""tool_label"":""Fossil Bone/Tooth""}]}]","{""698796"":{""retired"":{""id"":840292,""workflow_id"":371,""classifications_count"":12,""created_at"":""2015-09-08T05:34:45.919Z"",""updated_at"":""2015-09-10T22:28:47.157Z"",""retired_at"":""2015-09-10T22:28:47.157Z"",""subject_id"":698796,""retirement_reason"":null},""Date"":""2015:08:25"",""Time"":""11:10:31"",""Image_Name"":""DSC082672015_08_25_44.jpg"",""Serial_Number"":""44"",""Original_Brightness"":""0.0183499029334699""}}",698796
2522291,not-logged-in-97f976fecbd8dd954adb,,97f976fecbd8dd954adb,371,Fossil Finder,160.317,2015-09-09 09:31:09 UTC,,,"{""viewport"":{""width"":1280,""height"":899},""started_at"":""2015-09-09T09:28:32.441Z"",""user_agent"":""Mozilla/5.0 (Windows NT 6.1; WOW64) AppleWebKit/537.36 (KHTML, like Gecko) Chrome/45.0.2454.85 Safari/537.36"",""utc_offset"":""-3600"",""finished_at"":""2015-09-09T09:31:08.657Z"",""live_project"":true,""user_language"":""en"",""subject_dimensions"":[{""clientWidth"":738,""clientHeight"":506,""naturalWidth"":795,""naturalHeight"":545}]}","[{""task"":""T5"",""task_label"":""Is the image good enough to study?\n*not all the pictures are awesome, tell us why*"",""value"":""OK to study""},{""task"":""T2"",""task_label"":""What is the density of surface rubble?\n*The percentage of ground cover (rocks/clasts/pebbles)*"",""value"":""60-100%""},{""task"":""T1"",""task_label"":""Do you see any of these rock, clast or mineral types? \n*If you can then mark up to three*"",""value"":[{""x"":613.4352741781724,""y"":484.62393479066316,""tool"":5,""frame"":0,""details"":[{""value"":[2]}],""tool_label"":""Sandstone""}]},{""task"":""T3"",""task_label"":""Mark any items of interest\n*These are rare and can be hard to spot, not every image has things in, have a really good look though!*"",""value"":[{""x"":464.81727404753656,""y"":133.5408175867605,""tool"":5,""frame"":0,""details"":[],""tool_label"":""may be something""}]}]","{""912714"":{""retired"":{""id"":819873,""workflow_id"":371,""classifications_count"":12,""created_at"":""2015-09-09T09:31:09.623Z"",""updated_at"":""2015-09-17T14:22:44.083Z"",""retired_at"":""2015-09-17T14:22:44.083Z"",""subject_id"":912714,""retirement_reason"":null},""Date"":""2015:08:25"",""Time"":""11:44:58"",""Image_Name"":""DSC093832015_08_25_38.jpg"",""Serial_Number"":""38"",""Original_Brightness"":""0.0185671965117793""}}",912714
2522292,Hibibella,1365680,da5555b6cd7d96dfba13,371,Fossil Finder,160.317,2015-09-09 09:31:23 UTC,,,"{""viewport"":{""width"":803,""height"":567},""started_at"":""2015-09-09T09:28:21.152Z"",""user_agent"":""Mozilla/5.0 (Macintosh; Intel Mac OS X 10.6; rv:40.0) Gecko/20100101 Firefox/40.0"",""utc_offset"":""-3600"",""finished_at"":""2015-09-09T09:31:23.421Z"",""live_project"":true,""user_language"":""en"",""subject_dimensions"":[{""clientWidth"":733,""clientHeight"":503,""naturalWidth"":795,""naturalHeight"":545}]}","[{""task"":""T5"",""task_label"":""Is the image good enough to study?\n*not all the pictures are awesome, tell us why*"",""value"":""OK to study""},{""task"":""T2"",""task_label"":""What is the density of surface rubble?\n*The percentage of ground cover (rocks/clasts/pebbles)*"",""value"":""60-100%""},{""task"":""T1"",""task_label"":""Do you see any of these rock, clast or mineral types? \n*If you can then mark up to three*"",""value"":[]},{""task"":""T3"",""task_label"":""Mark any items of interest\n*These are rare and can be hard to spot, not every image has things in, have a really good look though!*"",""value"":[{""x"":304.6249876257583,""y"":212.4836894456361,""tool"":5,""frame"":0,""details"":[],""tool_label"":""may be something""},{""x"":760.0984571266765,""y"":238.51095104690083,""tool"":5,""frame"":0,""details"":[],""tool_label"":""may be something""},{""x"":497.6589818428141,""y"":168.0204508768088,""tool"":5,""frame"":0,""details"":[],""tool_label"":""may be something""}]}]","{""909268"":{""retired"":{""id"":822145,""workflow_id"":371,""classifications_count"":12,""created_at"":""2015-09-08T15:40:45.802Z"",""updated_at"":""2015-09-13T17:17:19.321Z"",""retired_at"":""2015-09-13T17:17:19.321Z"",""subject_id"":909268,""retirement_reason"":null},""Date"":""2015:08:25"",""Time"":""11:46:46"",""Image_Name"":""DSC094732015_08_25_21.jpg"",""Serial_Number"":""21"",""Original_Brightness"":""0.0183818519385613""}}",909268
2522293,johnmasters,1365589,afc7d281629856a2c111,371,Fossil Finder,160.317,2015-09-09 09:31:25 UTC,,,"{""viewport"":{""width"":1366,""height"":705},""started_at"":""2015-09-09T09:30:28.475Z"",""user_agent"":""Mozilla/5.0 (Windows NT 10.0; WOW64) AppleWebKit/537.36 (KHTML, like Gecko) Chrome/45.0.2454.85 Safari/537.36"",""utc_offset"":""-3600"",""finished_at"":""2015-09-09T09:31:45.784Z"",""live_project"":true,""user_language"":""en"",""subject_dimensions"":[{""clientWidth"":795,""clientHeight"":545,""naturalWidth"":795,""naturalHeight"":545}]}","[{""task"":""T5"",""task_label"":""Is the image good enough to study?\n*not all the pictures are awesome, tell us why*"",""value"":""OK to study""},{""task"":""T2"",""task_label"":""What is the density of surface rubble?\n*The percentage of ground cover (rocks/clasts/pebbles)*"",""value"":""60-100%""},{""task"":""T1"",""task_label"":""Do you see any of these rock, clast or mineral types? \n*If you can then mark up to three*"",""value"":[{""x"":602.65625,""y"":229,""tool"":5,""frame"":0,""details"":[{""value"":[1]}],""tool_label"":""Sandstone""}]},{""task"":""T3"",""task_label"":""Mark any items of interest\n*These are rare and can be hard to spot, not every image has things in, have a really good look though!*"",""value"":[{""x"":729.65625,""y"":239,""tool"":0,""frame"":0,""details"":[],""tool_label"":""Fossil Bone/Tooth""},{""x"":359.65625,""y"":445,""tool"":5,""frame"":0,""details"":[],""tool_label"":""may be something""},{""x"":77.65625,""y"":509,""tool"":0,""frame"":0,""details"":[],""tool_label"":""Fossil Bone/Tooth""}]}]","{""912101"":{""retired"":{""id"":828647,""workflow_id"":371,""classifications_count"":11,""created_at"":""2015-09-08T13:53:48.473Z"",""updated_at"":""2015-09-11T20:05:58.303Z"",""retired_at"":""2015-09-11T20:05:58.303Z"",""subject_id"":912101,""retirement_reason"":null},""Date"":""2015:08:25"",""Time"":""11:44:44"",""Image_Name"":""DSC093712015_08_25_13.jpg"",""Serial_Number"":""13"",""Original_Brightness"":""0.017186104520193""}}",912101
2522294,LazyEgg,1365851,99785c21ef121ef62d39,371,Fossil Finder,160.317,2015-09-09 09:31:26 UTC,,,"{""viewport"":{""width"":1366,""height"":653},""started_at"":""2015-09-09T09:31:00.862Z"",""user_agent"":""Mozilla/5.0 (Windows NT 6.1; WOW64) AppleWebKit/537.36 (KHTML, like Gecko) Chrome/43.0.2357.134 Safari/537.36"",""utc_offset"":""-7200"",""finished_at"":""2015-09-09T09:31:28.215Z"",""live_project"":true,""user_language"":""en"",""subject_dimensions"":[{""clientWidth"":795,""clientHeight"":545,""naturalWidth"":795,""naturalHeight"":545}]}","[{""task"":""T5"",""task_label"":""Is the image good enough to study?\n*not all the pictures are awesome, tell us why*"",""value"":""OK to study""},{""task"":""T2"",""task_label"":""What is the density of surface rubble?\n*The percentage of ground cover (rocks/clasts/pebbles)*"",""value"":""0-20%""},{""task"":""T4"",""task_label"":""What is the surface mostly made of?"",""value"":""Sand""},{""task"":""T3"",""task_label"":""Mark any items of interest\n*These are rare and can be hard to spot, not every image has things in, have a really good look though!*"",""value"":[]}]","{""701458"":{""retired"":{""id"":842856,""workflow_id"":371,""classifications_count"":11,""created_at"":""2015-09-08T20:20:00.990Z"",""updated_at"":""2015-09-15T17:16:02.924Z"",""retired_at"":""2015-09-15T17:16:02.924Z"",""subject_id"":701458,""retirement_reason"":null},""Date"":""2015:08:25"",""Time"":""11:12:55"",""Image_Name"":""DSC083872015_08_25_11.jpg"",""Serial_Number"":""11"",""Original_Brightness"":""0.0188888780909119""}}",701458
2522295,markglen,496344,9b7b55b74a28dbacd3d3,371,Fossil Finder,160.317,2015-09-09 09:31:27 UTC,,,"{""viewport"":{""width"":1280,""height"":727},""started_at"":""2015-09-09T09:31:18.384Z"",""user_agent"":""Mozilla/5.0 (Linux; Android 5.0.2; SGP712 Build/28.0.A.8.251) AppleWebKit/537.36 (KHTML, like Gecko) Chrome/45.0.2454.84 Safari/537.36"",""utc_offset"":""-3600"",""finished_at"":""2015-09-09T09:31:30.785Z"",""live_project"":true,""user_language"":""en"",""subject_dimensions"":[{""clientWidth"":755,""clientHeight"":518,""naturalWidth"":795,""naturalHeight"":545}]}","[{""task"":""T5"",""task_label"":""Is the image good enough to study?\n*not all the pictures are awesome, tell us why*"",""value"":""Too Noisy (speckled)\n""}]","{""699964"":{""retired"":{""id"":841458,""workflow_id"":371,""classifications_count"":11,""created_at"":""2015-09-08T10:22:33.725Z"",""updated_at"":""2015-09-11T19:36:22.590Z"",""retired_at"":""2015-09-11T19:36:22.590Z"",""subject_id"":699964,""retirement_reason"":null},""Date"":""2015:08:25"",""Time"":""11:11:00"",""Image_Name"":""DSC082912015_08_25_36.jpg"",""Serial_Number"":""36"",""Original_Brightness"":""0.0197722289168318""}}",699964
67598542,Pmason,1365766,3121059f12d64aa4d5ef,4759,Highlighter,67.88,2017-08-20 01:54:12 UTC,,,"{""session"":""8083052b45d03903b1e3744a5bf1046f04092c14122616962b3e1f09637cb36a"",""viewport"":{""width"":1024,""height"":645},""started_at"":""2017-08-20T01:51:45.433Z"",""user_agent"":""Mozilla/5.0 (Windows NT 6.1; rv:54.0) Gecko/20100101 Firefox/54.0"",""utc_offset"":""14400"",""finished_at"":""2017-08-20T01:54:14.670Z"",""live_project"":false,""user_language"":""en"",""user_group_ids"":[],""subject_dimensions"":[{""clientWidth"":416,""clientHeight"":285,""naturalWidth"":795,""naturalHeight"":545}]}","[{""task"":""T2"",""task_label"":""This is the dumb question?"",""value"":[""Answer number 1"",""Answer number 2"",""Answer number 3""]},{""task"":""T1"",""task_label"":""Drop some points."",""value"":[{""x"":69.40953063964844,""y"":146.28561401367188,""tool"":0,""frame"":0,""details"":[{""value"":[0]},{""value"":""0.5""},{""value"":""5""},{""value"":""molestiae ea, has tritani""}],""tool_label"":""Point blue""},{""x"":668.1985473632812,""y"":366.2879638671875,""tool"":0,""frame"":0,""details"":[{""value"":[0,1]},{""value"":""0.3""},{""value"":""8""},{""value"":""vituperatoribus mea""}],""tool_label"":""Point blue""},{""x"":503.675048828125,""y"":194.11221313476562,""tool"":1,""frame"":0,""details"":[{""value"":[1]},{""value"":""0""},{""value"":""0""},{""value"":"" Has eirmod dolorem ""}],""tool_label"":""point red""}]}]","{""1910619"":{""retired"":null,""Filename"":""937042.jpeg""}}",1910619
67598725,Pmason,1365766,3121059f12d64aa4d5ef,4759,Highlighter,67.88,2017-08-20 01:55:43 UTC,,,"{""session"":""8083052b45d03903b1e3744a5bf1046f04092c14122616962b3e1f09637cb36a"",""viewport"":{""width"":1024,""height"":645},""started_at"":""2017-08-20T01:54:16.664Z"",""user_agent"":""Mozilla/5.0 (Windows NT 6.1; rv:54.0) Gecko/20100101 Firefox/54.0"",""utc_offset"":""14400"",""finished_at"":""2017-08-20T01:55:46.410Z"",""live_project"":false,""user_language"":""en"",""user_group_ids"":[],""subject_dimensions"":[{""clientWidth"":416,""clientHeight"":285,""naturalWidth"":795,""naturalHeight"":545}]}","[{""task"":""T2"",""task_label"":""This is the dumb question?"",""value"":[""Answer number 2"",""Answer number 3"",""Answer number 4""]},{""task"":""T1"",""task_label"":""Drop some points."",""value"":[{""x"":105.75775146484375,""y"":130.98110961914062,""tool"":0,""frame"":0,""details"":[{""value"":[2,1]},{""value"":""1""},{""value"":""8.5""},{""value"":""partem vocibus an""}],""tool_label"":""Point blue""},{""x"":687.3291625976562,""y"":119.50272369384766,""tool"":1,""frame"":0,""details"":[{""value"":[1,2]},{""value"":""1.7""},{""value"":""1.5""},{""value"":""Vim possit animal ""}],""tool_label"":""point red""}]}]","{""1910610"":{""retired"":null,""Filename"":""906974.jpeg""}}",1910610
67598848,Pmason,1365766,3121059f12d64aa4d5ef,4759,Highlighter,67.88,2017-08-20 01:57:00 UTC,,,"{""session"":""8083052b45d03903b1e3744a5bf1046f04092c14122616962b3e1f09637cb36a"",""viewport"":{""width"":1024,""height"":645},""started_at"":""2017-08-20T01:55:49.499Z"",""user_agent"":""Mozilla/5.0 (Windows NT 6.1; rv:54.0) Gecko/20100101 Firefox/54.0"",""utc_offset"":""14400"",""finished_at"":""2017-08-20T01:57:03.159Z"",""live_project"":false,""user_language"":""en"",""user_group_ids"":[],""subject_dimensions"":[{""clientWidth"":416,""clientHeight"":285,""naturalWidth"":795,""naturalHeight"":545}]}","[{""task"":""T2"",""task_label"":""This is the dumb question?"",""value"":[""Answer number 1"",""Answer number 5""]},{""task"":""T1"",""task_label"":""Drop some points."",""value"":[{""x"":712.198974609375,""y"":62.11080551147461,""tool"":0,""frame"":0,""details"":[{""value"":[2]},{""value"":""0""},{""value"":""0""},{""value"":""""}],""tool_label"":""Point blue""},{""x"":302.8033142089844,""y"":138.63336181640625,""tool"":1,""frame"":0,""details"":[{""value"":[0]},{""value"":""0.6""},{""value"":""6""},{""value"":""iudicabit mel. ""}],""tool_label"":""point red""}]}]","{""1910617"":{""retired"":null,""Filename"":""944683.jpeg""}}",1910617
67598943,Pmason,1365766,3121059f12d64aa4d5ef,4759,Highlighter,67.88,2017-08-20 01:57:55 UTC,,,"{""session"":""8083052b45d03903b1e3744a5bf1046f04092c14122616962b3e1f09637cb36a"",""viewport"":{""width"":1024,""height"":645},""started_at"":""2017-08-20T01:57:05.274Z"",""user_agent"":""Mozilla/5.0 (Windows NT 6.1; rv:54.0) Gecko/20100101 Firefox/54.0"",""utc_offset"":""14400"",""finished_at"":""2017-08-20T01:57:57.908Z"",""live_project"":false,""user_language"":""en"",""user_group_ids"":[],""subject_dimensions"":[{""clientWidth"":416,""clientHeight"":285,""naturalWidth"":795,""naturalHeight"":545}]}","[{""task"":""T2"",""task_label"":""This is the dumb question?"",""value"":[]},{""task"":""T1"",""task_label"":""Drop some points."",""value"":[{""x"":503.675048828125,""y"":54.458553314208984,""tool"":0,""frame"":0,""details"":[{""value"":[1]},{""value"":""0""},{""value"":""0""},{""value"":""""}],""tool_label"":""Point blue""},{""x"":318.10784912109375,""y"":215.15591430664062,""tool"":1,""frame"":0,""details"":[{""value"":[1]},{""value"":""0""},{""value"":""0""},{""value"":""equidem gloriatu""}],""tool_label"":""point red""}]}]","{""1910618"":{""retired"":null,""Filename"":""931380.jpeg""}}",1910618
67599025,Pmason,1365766,3121059f12d64aa4d5ef,4759,Highlighter,67.88,2017-08-20 01:58:47 UTC,,,"{""session"":""8083052b45d03903b1e3744a5bf1046f04092c14122616962b3e1f09637cb36a"",""viewport"":{""width"":1024,""height"":645},""started_at"":""2017-08-20T01:58:02.595Z"",""user_agent"":""Mozilla/5.0 (Windows NT 6.1; rv:54.0) Gecko/20100101 Firefox/54.0"",""utc_offset"":""14400"",""finished_at"":""2017-08-20T01:58:49.980Z"",""live_project"":false,""user_language"":""en"",""user_group_ids"":[],""subject_dimensions"":[{""clientWidth"":416,""clientHeight"":285,""naturalWidth"":795,""naturalHeight"":545}]}","[{""task"":""T2"",""task_label"":""This is the dumb question?"",""value"":[""Answer number 3"",""Answer number 4"",""Answer number 5""]},{""task"":""T1"",""task_label"":""Drop some points."",""value"":[{""x"":364.0213623046875,""y"":174.98158264160156,""tool"":1,""frame"":0,""details"":[{""value"":[1]},{""value"":""8.4""},{""value"":""7""},{""value"":""Tation primis mei no""}],""tool_label"":""point red""}]}]","{""1910620"":{""retired"":null,""Filename"":""698999.jpeg""}}",1910620
67599052,Pmason,1365766,3121059f12d64aa4d5ef,4759,Highlighter,67.88,2017-08-20 01:59:03 UTC,,,"{""session"":""8083052b45d03903b1e3744a5bf1046f04092c14122616962b3e1f09637cb36a"",""viewport"":{""width"":1024,""height"":645},""started_at"":""2017-08-20T01:58:55.950Z"",""user_agent"":""Mozilla/5.0 (Windows NT 6.1; rv:54.0) Gecko/20100101 Firefox/54.0"",""utc_offset"":""14400"",""finished_at"":""2017-08-20T01:59:05.762Z"",""live_project"":false,""user_language"":""en"",""user_group_ids"":[],""subject_dimensions"":[{""clientWidth"":416,""clientHeight"":285,""naturalWidth"":795,""naturalHeight"":545}]}","[{""task"":""T2"",""task_label"":""This is the dumb question?"",""value"":[]},{""task"":""T1"",""task_label"":""Drop some points."",""value"":[]}]","{""1910612"":{""retired"":null,""Filename"":""908040.jpeg""}}",1910612
67599080,Pmason,1365766,3121059f12d64aa4d5ef,4759,Highlighter,67.88,2017-08-20 01:59:20 UTC,,,"{""session"":""8083052b45d03903b1e3744a5bf1046f04092c14122616962b3e1f09637cb36a"",""viewport"":{""width"":1024,""height"":645},""started_at"":""2017-08-20T01:59:08.673Z"",""user_agent"":""Mozilla/5.0 (Windows NT 6.1; rv:54.0) Gecko/20100101 Firefox/54.0"",""utc_offset"":""14400"",""finished_at"":""2017-08-20T01:59:23.401Z"",""live_project"":false,""user_language"":""en"",""user_group_ids"":[],""subject_dimensions"":[{""clientWidth"":416,""clientHeight"":285,""naturalWidth"":795,""naturalHeight"":545}]}","[{""task"":""T2"",""task_label"":""This is the dumb question?"",""value"":[""Answer number 2""]},{""task"":""T1"",""task_label"":""Drop some points."",""value"":[]}]","{""1910616"":{""retired"":null,""Filename"":""943248.jpeg""}}",1910616
67599235,Pmason,1365766,3121059f12d64aa4d5ef,4759,Highlighter,67.88,2017-08-20 02:00:33 UTC,,,"{""session"":""8083052b45d03903b1e3744a5bf1046f04092c14122616962b3e1f09637cb36a"",""viewport"":{""width"":1024,""height"":645},""started_at"":""2017-08-20T01:59:30.092Z"",""user_agent"":""Mozilla/5.0 (Windows NT 6.1; rv:54.0) Gecko/20100101 Firefox/54.0"",""utc_offset"":""14400"",""finished_at"":""2017-08-20T02:00:35.975Z"",""live_project"":false,""user_language"":""en"",""user_group_ids"":[],""subject_dimensions"":[{""clientWidth"":416,""clientHeight"":285,""naturalWidth"":795,""naturalHeight"":545}]}","[{""task"":""T2"",""task_label"":""This is the dumb question?"",""value"":[""Answer number 3""]},{""task"":""T1"",""task_label"":""Drop some points."",""value"":[{""x"":260.7159118652344,""y"":85.06757354736328,""tool"":0,""frame"":0,""details"":[{""value"":[]},{""value"":""0""},{""value"":""0""},{""value"":""""}],""tool_label"":""Point blue""},{""x"":482.63134765625,""y"":167.32931518554688,""tool"":0,""frame"":0,""details"":[{""value"":[]},{""value"":""0""},{""value"":""0""},{""value"":""""}],""tool_label"":""Point blue""},{""x"":346.8038024902344,""y"":337.5920104980469,""tool"":0,""frame"":0,""details"":[{""value"":[]},{""value"":""0""},{""value"":""0""},{""value"":""""}],""tool_label"":""Point blue""},{""x"":188.01950073242188,""y"":262.9825134277344,""tool"":0,""frame"":0,""details"":[{""value"":[1]},{""value"":""0""},{""value"":""0""},{""value"":""volumus prodesset temporibus""}],""tool_label"":""Point blue""}]}]","{""1910609"":{""retired"":null,""Filename"":""906240.jpeg""}}",1910609
67599381,Pmason,1365766,3121059f12d64aa4d5ef,4759,Highlighter,67.88,2017-08-20 02:01:49 UTC,,,"{""session"":""8083052b45d03903b1e3744a5bf1046f04092c14122616962b3e1f09637cb36a"",""viewport"":{""width"":1024,""height"":645},""started_at"":""2017-08-20T02:00:40.610Z"",""user_agent"":""Mozilla/5.0 (Windows NT 6.1; rv:54.0) Gecko/20100101 Firefox/54.0"",""utc_offset"":""14400"",""finished_at"":""2017-08-20T02:01:52.355Z"",""live_project"":false,""user_language"":""en"",""user_group_ids"":[],""subject_dimensions"":[{""clientWidth"":416,""clientHeight"":285,""naturalWidth"":795,""naturalHeight"":545}]}","[{""task"":""T2"",""task_label"":""This is the dumb question?"",""value"":[""Answer number 1"",""Answer number 3"",""Answer number 5""]},{""task"":""T1"",""task_label"":""Drop some points."",""value"":[{""x"":339.15155029296875,""y"":238.11268615722656,""tool"":1,""frame"":0,""details"":[{""value"":[1]},{""value"":""0""},{""value"":""0""},{""value"":""vivendo disputando in""}],""tool_label"":""point red""},{""x"":545.762451171875,""y"":180.72076416015625,""tool"":1,""frame"":0,""details"":[{""value"":[1]},{""value"":""0""},{""value"":""0""},{""value"":""persius senserit evertitur ""}],""tool_label"":""point red""}]}]","{""1910608"":{""retired"":null,""Filename"":""704038.jpeg""}}",1910608
68157096,Pmason,1365766,28b02263ffa0b2dea2f9,4759,Highlighter,86.102,2017-08-24 21:19:33 UTC,,,"{""session"":""5354b723adcfb99d3c024b6d59028c7af8a974f069777d7a15435e4aee3017f3"",""viewport"":{""width"":1024,""height"":645},""started_at"":""2017-08-24T21:17:16.025Z"",""user_agent"":""Mozilla/5.0 (Windows NT 6.1; rv:55.0) Gecko/20100101 Firefox/55.0"",""utc_offset"":""14400"",""finished_at"":""2017-08-24T21:19:34.706Z"",""live_project"":false,""user_language"":""en"",""user_group_ids"":[],""subject_dimensions"":[{""clientWidth"":416,""clientHeight"":285,""naturalWidth"":795,""naturalHeight"":545}]}","[{""task"":""T2"",""task_label"":""This is the dumb question?"",""value"":[""Answer number 1"",""Answer number 3""]},{""task"":""T1"",""task_label"":""Drop some points."",""value"":[]},{""task"":""T3"",""task_label"":""Line drawing"",""value"":[{""x1"":54.105018615722656,""x2"":297.06414794921875,""y1"":33.41485595703125,""y2"":197.9383544921875,""tool"":0,""frame"":0,""details"":[],""tool_label"":""line one""},{""x1"":189.93255615234375,""x2"":65.58340454101562,""y1"":159.67706298828125,""y2"":280.2000732421875,""tool"":1,""frame"":0,""details"":[],""tool_label"":""line two""},{""x"":367.8475036621094,""y"":73.58920288085938,""tool"":2,""frame"":0,""width"":340.5253601074219,""height"":137.74057006835938,""details"":[],""tool_label"":""box one""},{""x"":584.0237426757812,""y"":320.37445068359375,""rx"":158.73816076843403,""ry"":44.373205300468115,""tool"":3,""angle"":7.431411368917296,""frame"":0,""details"":[],""tool_label"":""ellipse one""},{""r"":91.86693071533459,""x"":197.58480834960938,""y"":331.85284423828125,""tool"":4,""angle"":-31.372999987499416,""frame"":0,""details"":[],""tool_label"":""Triangle one""},{""0"":0,""x"":325.7601013183594,""tool"":5,""frame"":0,""width"":122.43606567382812,""details"":[],""tool_label"":""Tool name""}]}]","{""1910614"":{""retired"":null,""Filename"":""912819.jpeg""}}",1910614
68157903,Pmason,1365766,28b02263ffa0b2dea2f9,4759,Highlighter,86.102,2017-08-24 21:25:00 UTC,,,"{""session"":""3a4c1db736e506000ecc3f8c06c94073aa12fae988963d18d4d30a1794c4a528"",""viewport"":{""width"":1024,""height"":645},""started_at"":""2017-08-24T21:22:24.424Z"",""user_agent"":""Mozilla/5.0 (Windows NT 6.1; rv:55.0) Gecko/20100101 Firefox/55.0"",""utc_offset"":""14400"",""finished_at"":""2017-08-24T21:25:02.282Z"",""live_project"":false,""user_language"":""en"",""user_group_ids"":[],""subject_dimensions"":[{""clientWidth"":416,""clientHeight"":285,""naturalWidth"":795,""naturalHeight"":545}]}","[{""task"":""T2"",""task_label"":""This is the dumb question?"",""value"":[""Answer number 2"",""Answer number 4""]},{""task"":""T1"",""task_label"":""Drop some points."",""value"":[]},{""task"":""T3"",""task_label"":""Line drawing"",""value"":[{""x1"":226.28076171875,""x2"":549.5885620117188,""y1"":119.50271606445312,""y2"":341.41815185546875,""tool"":0,""frame"":0,""details"":[],""tool_label"":""line one""},{""x"":233.93304443359375,""y"":123.328857421875,""tool"":2,""frame"":0,""width"":422.787109375,""height"":105.21853637695312,""details"":[],""tool_label"":""box one""},{""x"":551.5016479492188,""y"":337.592041015625,""rx"":149.02263153580668,""ry"":74.51131576790334,""tool"":3,""angle"":-48.12213347462003,""frame"":0,""details"":[],""tool_label"":""ellipse one""},{""x1"":298.9772033691406,""x2"":124.88838195800781,""y1"":305.0699462890625,""y2"":431.3321533203125,""tool"":1,""frame"":0,""details"":[],""tool_label"":""line two""},{""r"":53.90632515720859,""x"":249.23753356933594,""y"":278.2869873046875,""tool"":4,""angle"":-117.47442759733748,""frame"":0,""details"":[],""tool_label"":""Triangle one""},{""0"":0,""x"":232.01995849609375,""tool"":5,""frame"":0,""width"":154.95816040039062,""details"":[],""tool_label"":""Tool name""}]}]","{""1910611"":{""retired"":null,""Filename"":""907903.jpeg""}}",1910611
68158930,Pmason,1365766,28b02263ffa0b2dea2f9,4759,Highlighter,86.102,2017-08-24 21:32:25 UTC,,,"{""session"":""16b528b9f82be8f5542e6f19f088e69d1553a5f2e7469275d17ac161ae2bc243"",""viewport"":{""width"":1024,""height"":645},""started_at"":""2017-08-24T21:31:08.810Z"",""user_agent"":""Mozilla/5.0 (Windows NT 6.1; rv:55.0) Gecko/20100101 Firefox/55.0"",""utc_offset"":""14400"",""finished_at"":""2017-08-24T21:32:27.168Z"",""live_project"":false,""user_language"":""en"",""user_group_ids"":[],""subject_dimensions"":[{""clientWidth"":416,""clientHeight"":285,""naturalWidth"":795,""naturalHeight"":545}]}","[{""task"":""T2"",""task_label"":""This is the dumb question?"",""value"":[""Answer number 2"",""Answer number 3"",""Answer number 4""]},{""task"":""T1"",""task_label"":""Drop some points."",""value"":[]},{""task"":""T3"",""task_label"":""Line drawing"",""value"":[{""x"":264.54205322265625,""y"":188.37301635742188,""rx"":216.21006562469188,""ry"":108.10503281234594,""tool"":3,""angle"":-1.0139823721772445,""frame"":0,""details"":[],""tool_label"":""ellipse one""},{""x"":545.762451171875,""y"":352.89654541015625,""rx"":113.12988114919055,""ry"":56.564940574595276,""tool"":3,""angle"":71.25866582756903,""frame"":0,""details"":[],""tool_label"":""ellipse one""},{""x"":214.80239868164062,""y"":350.98345947265625,""rx"":103.53545612591948,""ry"":51.76772806295974,""tool"":3,""angle"":-73.90918427524743,""frame"":0,""details"":[],""tool_label"":""ellipse one""},{""r"":201.0993217350523,""x"":562.9800415039062,""y"":81.24142456054688,""tool"":4,""angle"":-62.2160789642246,""frame"":0,""details"":[],""tool_label"":""Triangle one""},{""x1"":710.2859497070312,""x2"":562.9800415039062,""y1"":255.33026123046875,""y2"":67.85000610351562,""tool"":0,""frame"":0,""details"":[],""tool_label"":""line one""}]}]","{""1910615"":{""retired"":null,""Filename"":""940544.jpeg""}}",1910615
68159785,Pmason,1365766,28b02263ffa0b2dea2f9,4759,Highlighter,86.102,2017-08-24 21:38:22 UTC,,,"{""session"":""640283fd6653f656b8c14f8d8eaf8381de3a91b92c452154d504012d1dee314e"",""viewport"":{""width"":1024,""height"":645},""started_at"":""2017-08-24T21:36:24.980Z"",""user_agent"":""Mozilla/5.0 (Windows NT 6.1; rv:55.0) Gecko/20100101 Firefox/55.0"",""utc_offset"":""14400"",""finished_at"":""2017-08-24T21:38:23.862Z"",""live_project"":false,""user_language"":""en"",""user_group_ids"":[],""subject_dimensions"":[{""clientWidth"":416,""clientHeight"":285,""naturalWidth"":795,""naturalHeight"":545}]}","[{""task"":""T2"",""task_label"":""This is the dumb question?"",""value"":[""Answer number 2"",""Answer number 4""]},{""task"":""T1"",""task_label"":""Drop some points."",""value"":[]},{""task"":""T3"",""task_label"":""Line drawing"",""value"":[{""x"":207.150146484375,""y"":132.8941650390625,""tool"":2,""frame"":0,""width"":273.568115234375,""height"":88.0009765625,""details"":[],""tool_label"":""box one""},{""r"":89.91400146484375,""x"":574.4583740234375,""y"":251.504150390625,""tool"":4,""angle"":0,""frame"":0,""details"":[],""tool_label"":""Triangle one""},{""x1"":438.630859375,""x2"":570.6322631835938,""y1"":35.327911376953125,""y2"":245.76495361328125,""tool"":0,""frame"":0,""details"":[],""tool_label"":""line one""},{""r"":155.90001531491964,""x"":342.9776916503906,""y"":303.1568603515625,""tool"":4,""angle"":-60.603944254848784,""frame"":0,""details"":[],""tool_label"":""Triangle one""},{""x1"":494.1097412109375,""x2"":348.71685791015625,""y1"":425.59295654296875,""y2"":306.98297119140625,""tool"":1,""frame"":0,""details"":[],""tool_label"":""line two""}]}]","{""1910606"":{""retired"":null,""Filename"":""698487.jpeg""}}",1910606
68160609,Pmason,1365766,28b02263ffa0b2dea2f9,4759,Highlighter,86.102,2017-08-24 21:43:22 UTC,,,"{""session"":""95d66979ccc5363677cc170c7f21ec170987283c5d7e6bf349833db144c09d9c"",""viewport"":{""width"":1024,""height"":645},""started_at"":""2017-08-24T21:41:53.754Z"",""user_agent"":""Mozilla/5.0 (Windows NT 6.1; rv:55.0) Gecko/20100101 Firefox/55.0"",""utc_offset"":""14400"",""finished_at"":""2017-08-24T21:43:23.839Z"",""live_project"":false,""user_language"":""en"",""user_group_ids"":[],""subject_dimensions"":[{""clientWidth"":416,""clientHeight"":285,""naturalWidth"":795,""naturalHeight"":545}]}","[{""task"":""T2"",""task_label"":""This is the dumb question?"",""value"":[""Answer number 2"",""Answer number 4""]},{""task"":""T1"",""task_label"":""Drop some points."",""value"":[]},{""task"":""T3"",""task_label"":""Line drawing"",""value"":[{""r"":111.0236202031863,""x"":77.06178283691406,""y"":184.54690551757812,""tool"":4,""angle"":-91.9749337395061,""frame"":0,""details"":[],""tool_label"":""Triangle one""},{""r"":104.38039872509576,""x"":329.5862121582031,""y"":194.11221313476562,""tool"":4,""angle"":-48.715295859832395,""frame"":0,""details"":[],""tool_label"":""Triangle one""},{""r"":99.47930908203125,""x"":522.8056640625,""y"":148.19869995117188,""tool"":4,""angle"":0,""frame"":0,""details"":[],""tool_label"":""Triangle one""},{""r"":59.58207424882915,""x"":480.71826171875,""y"":287.85235595703125,""tool"":4,""angle"":47.60254901084594,""frame"":0,""details"":[],""tool_label"":""Triangle one""},{""r"":80.37146571283029,""x"":608.8935546875,""y"":289.76544189453125,""tool"":4,""angle"":91.36394306690524,""frame"":0,""details"":[],""tool_label"":""Triangle one""},{""r"":68.97649879924656,""x"":543.849365234375,""y"":408.3753662109375,""tool"":4,""angle"":93.17981605842188,""frame"":0,""details"":[],""tool_label"":""Triangle one""},{""x1"":740.8949584960938,""x2"":683.5030517578125,""y1"":50.632415771484375,""y2"":130.98110961914062,""tool"":0,""frame"":0,""details"":[],""tool_label"":""line one""}]}]","{""1910607"":{""retired"":null,""Filename"":""702338.jpeg""}}",1910607
68161137,Pmason,1365766,28b02263ffa0b2dea2f9,4759,Highlighter,86.102,2017-08-24 21:47:00 UTC,,,"{""session"":""af8a028cb7ba96662c08cab2d6cf89bc4bac036f280ba673cc0e9ae7a74bbaff"",""viewport"":{""width"":1024,""height"":645},""started_at"":""2017-08-24T21:45:48.451Z"",""user_agent"":""Mozilla/5.0 (Windows NT 6.1; rv:55.0) Gecko/20100101 Firefox/55.0"",""utc_offset"":""14400"",""finished_at"":""2017-08-24T21:47:02.210Z"",""live_project"":false,""user_language"":""en"",""user_group_ids"":[],""subject_dimensions"":[{""clientWidth"":416,""clientHeight"":285,""naturalWidth"":795,""naturalHeight"":545}]}","[{""task"":""T2"",""task_label"":""This is the dumb question?"",""value"":[""Answer number 2"",""Answer number 4""]},{""task"":""T1"",""task_label"":""Drop some points."",""value"":[]},{""task"":""T3"",""task_label"":""Line drawing"",""value"":[{""x"":233.9330291748047,""y"":140.54644775390625,""rx"":206.7525606266674,""ry"":36.34823608398758,""tool"":3,""angle"":2.4052452289424764e-05,""frame"":0,""details"":[],""tool_label"":""ellipse one""},{""x"":411.84796142578125,""y"":253.41717529296875,""rx"":51.68812349646405,""ry"":239.98849470501077,""tool"":3,""angle"":8.711436041888817,""frame"":0,""details"":[],""tool_label"":""ellipse one""},{""x1"":694.9814453125,""x2"":612.7196655273438,""y1"":167.32931518554688,""y2"":312.72216796875,""tool"":0,""frame"":0,""details"":[],""tool_label"":""line one""}]}]","{""1910613"":{""retired"":null,""Filename"":""908566.jpeg""}}",1910613
68161454,Pmason,1365766,28b02263ffa0b2dea2f9,4759,Highlighter,86.102,2017-08-24 21:49:38 UTC,,,"{""session"":""44e6b9de933de86b36b2e3363ce2d07c52256a3f7560402808a63145ba72f915"",""viewport"":{""width"":1024,""height"":645},""started_at"":""2017-08-24T21:48:30.052Z"",""user_agent"":""Mozilla/5.0 (Windows NT 6.1; rv:55.0) Gecko/20100101 Firefox/55.0"",""utc_offset"":""14400"",""finished_at"":""2017-08-24T21:49:40.192Z"",""seen_before"":true,""live_project"":false,""user_language"":""en"",""user_group_ids"":[],""subject_dimensions"":[{""clientWidth"":416,""clientHeight"":285,""naturalWidth"":795,""naturalHeight"":545}]}","[{""task"":""T2"",""task_label"":""This is the dumb question?"",""value"":[""Answer number 2""]},{""task"":""T1"",""task_label"":""Drop some points."",""value"":[]},{""task"":""T3"",""task_label"":""Line drawing"",""value"":[{""x"":233.93301391601562,""y"":142.45950317382812,""rx"":78.43564959270249,""ry"":147.19407023943995,""tool"":3,""angle"":12.680390016460342,""frame"":0,""details"":[],""tool_label"":""ellipse one""},{""x"":511.32733154296875,""y"":150.11172485351562,""rx"":153.15269093829633,""ry"":76.57634546914817,""tool"":3,""angle"":-69.52771876892646,""frame"":0,""details"":[],""tool_label"":""ellipse one""},{""x1"":673.937744140625,""x2"":547.6754760742188,""y1"":274.46087646484375,""y2"":423.67987060546875,""tool"":0,""frame"":0,""details"":[],""tool_label"":""line one""}]}]","{""1910620"":{""retired"":null,""Filename"":""698999.jpeg""}}",1910620
68161704,Pmason,1365766,28b02263ffa0b2dea2f9,4759,Highlighter,86.102,2017-08-24 21:51:51 UTC,,,"{""session"":""259732accc63b1ecea3e198c0e1152ebffebb0d467ea729726c96f6d7f2c4b59"",""viewport"":{""width"":1024,""height"":645},""started_at"":""2017-08-24T21:51:26.455Z"",""user_agent"":""Mozilla/5.0 (Windows NT 6.1; rv:55.0) Gecko/20100101 Firefox/55.0"",""utc_offset"":""14400"",""finished_at"":""2017-08-24T21:51:52.667Z"",""seen_before"":true,""live_project"":false,""user_language"":""en"",""user_group_ids"":[],""subject_dimensions"":[{""clientWidth"":416,""clientHeight"":285,""naturalWidth"":795,""naturalHeight"":545}]}","[{""task"":""T2"",""task_label"":""This is the dumb question?"",""value"":[""Answer number 2"",""Answer number 3""]},{""task"":""T1"",""task_label"":""Drop some points."",""value"":[]},{""task"":""T3"",""task_label"":""Line drawing"",""value"":[{""x"":285.58575439453125,""y"":138.63336181640625,""rx"":182.14337361671915,""ry"":91.07168680835957,""tool"":3,""angle"":-36.02737903139704,""frame"":0,""details"":[],""tool_label"":""ellipse one""},{""x1"":679.6769409179688,""x2"":574.4583740234375,""y1"":157.76400756835938,""y2"":274.46087646484375,""tool"":0,""frame"":0,""details"":[],""tool_label"":""line one""}]}]","{""1910618"":{""retired"":null,""Filename"":""931380.jpeg""}}",1910618
68161896,Pmason,1365766,28b02263ffa0b2dea2f9,4759,Highlighter,86.102,2017-08-24 21:53:31 UTC,,,"{""session"":""c8d53633cc8d175e68da78686c4b98103ccbca8714672e3895cf1383b58c4565"",""viewport"":{""width"":1024,""height"":645},""started_at"":""2017-08-24T21:52:31.616Z"",""user_agent"":""Mozilla/5.0 (Windows NT 6.1; rv:55.0) Gecko/20100101 Firefox/55.0"",""utc_offset"":""14400"",""finished_at"":""2017-08-24T21:53:32.536Z"",""seen_before"":true,""live_project"":false,""user_language"":""en"",""user_group_ids"":[],""subject_dimensions"":[{""clientWidth"":416,""clientHeight"":285,""naturalWidth"":795,""naturalHeight"":545}]}","[{""task"":""T2"",""task_label"":""This is the dumb question?"",""value"":[""Answer number 2"",""Answer number 3"",""Answer number 4"",""Answer number 5""]},{""task"":""T1"",""task_label"":""Drop some points."",""value"":[]},{""task"":""T3"",""task_label"":""Line drawing"",""value"":[{""x"":205.237060546875,""y"":163.50320434570312,""rx"":309.6091793000636,""ry"":72.69644165039062,""tool"":3,""angle"":-90,""frame"":0,""details"":[],""tool_label"":""ellipse one""},{""x1"":649.06787109375,""x2"":536.1971435546875,""y1"":132.8941650390625,""y2"":278.28704833984375,""tool"":0,""frame"":0,""details"":[],""tool_label"":""line one""}]}]","{""1910612"":{""retired"":null,""Filename"":""908040.jpeg""}}",1910612
68162159,Pmason,1365766,28b02263ffa0b2dea2f9,4759,Highlighter,86.102,2017-08-24 21:55:27 UTC,,,"{""session"":""32345eaed29a4385c5ac1f020b90bd571071f1d3d006a287e124c2a77a2e0e26"",""viewport"":{""width"":1024,""height"":645},""started_at"":""2017-08-24T21:54:26.903Z"",""user_agent"":""Mozilla/5.0 (Windows NT 6.1; rv:55.0) Gecko/20100101 Firefox/55.0"",""utc_offset"":""14400"",""finished_at"":""2017-08-24T21:55:28.366Z"",""seen_before"":true,""live_project"":false,""user_language"":""en"",""user_group_ids"":[],""subject_dimensions"":[{""clientWidth"":416,""clientHeight"":285,""naturalWidth"":795,""naturalHeight"":545}]}","[{""task"":""T2"",""task_label"":""This is the dumb question?"",""value"":[""Answer number 2"",""Answer number 3""]},{""task"":""T1"",""task_label"":""Drop some points."",""value"":[]},{""task"":""T3"",""task_label"":""Line drawing"",""value"":[{""r"":128.6171524357373,""x"":358.28216552734375,""y"":328.02667236328125,""tool"":4,""angle"":-59.62088045938087,""frame"":0,""details"":[],""tool_label"":""Triangle one""},{""x"":247.324462890625,""y"":167.32931518554688,""tool"":2,""frame"":0,""width"":221.9154052734375,""height"":95.65322875976562,""details"":[],""tool_label"":""box one""},{""x1"":744.7210693359375,""x2"":656.7201538085938,""y1"":106.11126708984375,""y2"":251.504150390625,""tool"":0,""frame"":0,""details"":[],""tool_label"":""line one""}]}]","{""1910620"":{""retired"":null,""Filename"":""698999.jpeg""}}",1910620
68163292,Pmason,1365766,28b02263ffa0b2dea2f9,4759,Highlighter,86.102,2017-08-24 22:05:09 UTC,,,"{""session"":""e575710d765c07fc912b8dd3dec1e677a699b68793c090f9d819e3cfd3d3463f"",""viewport"":{""width"":1024,""height"":645},""started_at"":""2017-08-24T22:02:17.405Z"",""user_agent"":""Mozilla/5.0 (Windows NT 6.1; rv:55.0) Gecko/20100101 Firefox/55.0"",""utc_offset"":""14400"",""finished_at"":""2017-08-24T22:05:10.647Z"",""seen_before"":true,""live_project"":false,""user_language"":""en"",""user_group_ids"":[],""subject_dimensions"":[{""clientWidth"":416,""clientHeight"":285,""naturalWidth"":795,""naturalHeight"":545}]}","[{""task"":""T2"",""task_label"":""This is the dumb question?"",""value"":[""Answer number 2"",""Answer number 3""]},{""task"":""T1"",""task_label"":""Drop some points."",""value"":[]},{""task"":""T3"",""task_label"":""Line drawing"",""value"":[{""x1"":463.50067138671875,""x2"":276.0203857421875,""y1"":106.11129760742188,""y2"":266.8087158203125,""tool"":0,""frame"":0,""details"":[],""tool_label"":""line one""},{""r"":245.6853260023358,""x"":279.8465881347656,""y"":262.9825439453125,""tool"":4,""angle"":-49.737443458844275,""frame"":0,""details"":[],""tool_label"":""Triangle one""}]}]","{""1910613"":{""retired"":null,""Filename"":""908566.jpeg""}}",1910613
68167688,Pmason,1365766,28b02263ffa0b2dea2f9,4759,Highlighter,86.102,2017-08-24 22:44:53 UTC,,,"{""session"":""dd239e195a1762a8e0edb9462eb1a826a8abef4ce753d106745eee1b6ab90c07"",""viewport"":{""width"":1024,""height"":645},""started_at"":""2017-08-24T22:44:07.001Z"",""user_agent"":""Mozilla/5.0 (Windows NT 6.1; rv:55.0) Gecko/20100101 Firefox/55.0"",""utc_offset"":""14400"",""finished_at"":""2017-08-24T22:44:55.311Z"",""seen_before"":true,""live_project"":false,""user_language"":""en"",""user_group_ids"":[],""subject_dimensions"":[{""clientWidth"":416,""clientHeight"":285,""naturalWidth"":795,""naturalHeight"":545}]}","[{""task"":""T2"",""task_label"":""This is the dumb question?"",""value"":[""Answer number 2"",""Answer number 3""]},{""task"":""T1"",""task_label"":""Drop some points."",""value"":[]},{""task"":""T3"",""task_label"":""Line drawing"",""value"":[{""x1"":681.5899658203125,""x2"":626.1111450195312,""y1"":132.8941650390625,""y2"":209.416748046875,""tool"":0,""frame"":0,""details"":[],""tool_label"":""line one""},{""x"":335.3254089355469,""y"":88.89370727539062,""tool"":2,""frame"":0,""width"":168.34963989257812,""height"":66.95724487304688,""details"":[],""tool_label"":""box one""},{""x"":122.97532653808594,""y"":184.54690551757812,""rx"":129.1990939431559,""ry"":64.59954697157795,""tool"":3,""angle"":-27.323884988957644,""frame"":0,""details"":[],""tool_label"":""ellipse one""},{""r"":66.95722656250445,""x"":467.32684326171875,""y"":284.0262451171875,""tool"":4,""angle"":-36.869876754555456,""frame"":0,""details"":[],""tool_label"":""Triangle one""},{""0"":0,""x"":559.1538696289062,""tool"":5,""frame"":0,""width"":45.91357421875,""details"":[],""tool_label"":""Tool name""}]}]","{""1910614"":{""retired"":null,""Filename"":""912819.jpeg""}}",1910614
